Title,URL,Index
Trump revises travel ban restrictions,http://nypost.com/2017/09/22/trump-revises-travel-ban-restrictions/,1
"Trump expands travel ban to include North Korea, Venezuela and Chad",http://nypost.com/2017/09/24/trump-expands-travel-ban-to-include-north-korea-venezuela-and-chad/,2
Trump mulling new travel ban after recent London attack,http://nypost.com/2017/09/17/trump-mulling-new-travel-ban-after-recent-london-attack/,3
Supreme Court temporarily restores Trump’s travel ban,http://nypost.com/2017/09/11/supreme-court-blocks-appeals-court-ruling-that-limits-trumps-travel-ban/,4
"ACLU, DOJ settle legal challenge against Trump travel ban",http://nypost.com/2017/08/29/aclu-doj-settle-legal-challenge-against-trump-travel-ban/,5
What you need to know about Trump’s travel ban,http://nypost.com/2017/06/27/what-you-need-to-know-about-trumps-travel-ban/,6
Supreme Court cancels arguments over Trump’s travel ban,http://nypost.com/2017/09/25/supreme-court-cancels-arguments-over-trumps-travel-ban/,7
Federal judge denies Hawaii’s motion on Trump travel ban,http://nypost.com/2017/07/06/federal-judge-denies-hawaiis-motion-on-trump-travel-ban/,8
Trump applauds Supreme Court decision over travel ban,http://nypost.com/2017/06/26/trump-applauds-supreme-court-decision-over-travel-ban/,9
Trump’s revised travel ban officially goes into effect,http://nypost.com/2017/06/29/trumps-revised-travel-ban-officially-goes-into-effect/,10
Supreme Court partially reinstates Trump’s travel ban until it hears case,http://nypost.com/2017/06/26/supreme-court-agrees-to-review-trumps-travel-ban/,11
Judge expands list of relatives exempted from Trump travel ban,http://nypost.com/2017/07/14/judge-expands-list-of-relatives-exempted-from-trump-travel-ban/,12
Gorsuch would have supported Trump’s full travel ban,http://nypost.com/2017/06/26/gorsuch-would-have-supported-trumps-full-travel-ban/,13
Trump rips appeals court after latest travel ban ruling,http://nypost.com/2017/06/13/trump-rips-appeals-court-and-media-in-morning-tweetstorm/,14
Trump’s travel ban is hitting luxury hotels the hardest,http://nypost.com/2017/04/12/trumps-travel-ban-is-hitting-luxury-hotels-the-hardest/,15
Trump’s travel ban was the wrong reason to boycott Uber,http://nypost.com/2017/02/06/trumps-travel-ban-was-the-wrong-reason-to-boycott-uber/,16
Federal appeals court rules against Trump’s travel ban,http://nypost.com/2017/02/09/federal-appeals-court-rules-against-trumps-travel-ban/,17
Republicans question Trump’s latest push for a travel ban,http://nypost.com/2017/06/04/republicans-question-trumps-latest-push-for-a-travel-ban/,18
Trump asks Supreme Court to reinstate travel ban,http://nypost.com/2017/06/01/trump-asks-supreme-court-to-reinstate-travel-ban/,19
Another appeals court to weigh Trump’s revised travel ban,http://nypost.com/2017/05/15/another-appeals-court-to-weigh-trumps-revised-travel-ban/,20
Trump wants Supreme Court to restore refugee travel ban,http://nypost.com/2017/09/11/trump-wants-supreme-court-to-restore-refugee-travel-ban/,21
Trump defends travel ban during first speech to Congress,http://nypost.com/2017/02/28/trump-defends-travel-ban-during-first-speech-to-congress/,22
Judges’ ‘Twilight Zone’ logic in slapping Trump’s travel ban,http://nypost.com/2017/03/16/judges-twilight-zone-logic-in-slapping-trumps-travel-ban/,23
Trump scolds DOJ for sending ‘politically correct’ travel ban to Supreme Court,http://nypost.com/2017/06/05/trump-says-doj-shouldnt-have-sent-politically-correct-travel-ban/,24
"Trump’s travel ban triumph, Hollywood liberals’ failure and other notable commentary",http://nypost.com/2017/06/27/trumps-travel-ban-triumph-hollywood-liberals-failure-and-other-notable-commentary/,25
Team Trump dodges questions on travel ban blocking family visits,http://nypost.com/2017/06/29/team-trump-dodges-questions-on-travel-ban-blocking-family-visits/,26
Trump’s new travel ban won’t affect green-card holders,http://nypost.com/2017/02/18/trumps-new-travel-ban-wont-affect-green-card-holders/,27
Koch brothers slam Trump travel ban as ‘wrong approach’,http://nypost.com/2017/01/30/koch-brothers-slam-trump-travel-ban-as-wrong-approach/,28
Trump admin: Travel ban won’t trap people in airports anymore,http://nypost.com/2017/01/30/trump-admin-travel-ban-wont-trap-people-in-airports-anymore/,29
Federal judge grants stay for those detained under Trump’s travel ban,http://nypost.com/2017/01/28/federal-judge-grants-emergency-stay-for-those-detained-under-trumps-travel-ban/,30
Appeals court refuses to reinstate Trump’s travel ban,http://nypost.com/2017/05/25/appeals-court-refuses-to-reinstate-trumps-travel-ban/,31
Trump slams ruling against travel ban as ‘unprecedented judicial overreach’,http://nypost.com/2017/03/15/trump-slams-ruling-against-travel-ban-as-unprecedented-judicial-overreach/,32
Trump to sign new travel ban on Monday: report,http://nypost.com/2017/03/04/trump-to-sign-new-travel-ban-on-monday-report/,33
DOJ files brief in federal appeals court supporting Trump’s travel ban,http://nypost.com/2017/02/06/doj-files-brief-in-federal-appeals-court-supporting-trumps-travel-ban/,34
First lawsuit against Trump’s travel ban is wrapping up,http://nypost.com/2017/05/10/first-lawsuit-against-trumps-travel-ban-is-wrapping-up/,35
Supreme Court allows Trump’s travel ban to remain for most refugees,http://nypost.com/2017/09/12/supreme-court-allows-trumps-travel-ban-to-remain-for-most-refugees/,36
Appeals court hammers away at feds over Trump’s travel ban,http://nypost.com/2017/02/07/appeals-court-hammers-away-at-feds-over-trumps-travel-ban/,37
Hawaii throws wrench in Trump’s revised travel ban,http://nypost.com/2017/06/29/hawaii-throws-wrench-in-trumps-revised-travel-ban/,38
Amazon takes victory lap for its role in halting Trump’s travel ban,http://nypost.com/2017/02/10/amazon-takes-victory-lap-for-its-role-in-halting-trumps-travel-ban/,39
Trump slams ‘so-called’ judge who blocked travel ban,http://nypost.com/2017/02/04/trump-slams-so-called-judge-who-blocked-travel-ban/,40
Trump says he might sign new executive order on travel ban,http://nypost.com/2017/02/10/trump-says-he-might-sign-new-executive-order-on-travel-ban/,41
Federal judge refuses to extend stay on Trump’s travel ban,http://nypost.com/2017/02/03/federal-judge-refuses-to-extend-stay-on-trumps-travel-ban/,42
Judges grill lawyer defending Trump’s travel ban,http://nypost.com/2017/05/16/judges-grill-lawyer-defending-trumps-travel-ban/,43
Another federal judge halts Trump’s revised travel ban,http://nypost.com/2017/03/16/another-federal-judge-halts-trumps-revised-travel-ban/,44
Politicians worldwide come out against Trump’s travel ban,http://nypost.com/2017/01/30/politicians-worldwide-come-out-against-trumps-travel-ban/,45
Federal judge blocks Trump’s second travel ban,http://nypost.com/2017/03/15/judges-blocks-trumps-second-immigration-ban/,46
Trump visits Supreme Court as justices weigh travel ban,http://nypost.com/2017/06/15/trump-headed-to-supreme-court-as-justices-weigh-travel-ban/,47
Gorsuch declines to weigh in on Trump’s travel ban,http://nypost.com/2017/03/21/gorsuch-declines-to-weigh-in-on-trumps-travel-ban/,48
Trump expected to unveil new travel ban,http://nypost.com/2017/03/06/trump-expected-to-unveil-new-travel-ban/,49
"Customs agents ignore judge, enforce Trump’s travel ban: ACLU",http://nypost.com/2017/01/29/customs-agents-ignore-judge-enforce-trumps-travel-ban-aclu/,50
Schneiderman joining federal suit against Trump’s travel ban,http://nypost.com/2017/01/31/schneiderman-joining-federal-suit-against-trumps-travel-ban/,51
Trump’s new immigration order will drop Iraq from ‘ban’ list,http://nypost.com/2017/03/01/trumps-new-immigration-order-will-drop-iraq-from-ban-list/,52
Imam: Man lied about mom dying abroad after Trump’s travel ban,http://nypost.com/2017/02/01/imam-man-lied-about-mom-dying-abroad-after-trumps-travel-ban/,53
Appeals court to issue ruling on Trump’s travel ban,http://nypost.com/2017/02/09/appeals-court-to-issue-ruling-on-trumps-travel-ban/,54
Trump rages against court’s ruling against travel ban,http://nypost.com/2017/02/10/trump-calls-courts-ruling-against-travel-ban-disgraceful/,55
Trump: Eternal safety of America depends on travel ban passing,http://nypost.com/2017/02/08/trump-eternal-safety-of-america-depends-on-travel-ban-passing/,56
Trump maintains travel ban keeps ‘bad people’ out,http://nypost.com/2017/02/01/trump-maintains-travel-ban-keeps-bad-people-out/,57
Trump signs revised immigration ban,http://nypost.com/2017/03/06/trump-signs-revised-immigration-ban/,58
DOJ request to hold appeal on Trump’s travel ban gets rejected,http://nypost.com/2017/02/27/doj-request-to-hold-appeal-on-trumps-travel-ban-gets-rejected/,59
Goldman CEO says Trump travel ban ‘not a policy we support’,http://nypost.com/2017/01/30/goldman-ceo-says-trump-travel-ban-not-a-policy-we-support/,60
More than half of Americans oppose Trump’s travel ban: poll,http://nypost.com/2017/02/07/more-than-half-of-americans-oppose-trumps-travel-ban-poll/,61
Federal judge extends order blocking Trump’s travel ban,http://nypost.com/2017/03/29/hawaii-judge-extends-order-blocking-trumps-travel-ban/,62
Court will decide fate of Trump’s travel ban later this week,http://nypost.com/2017/02/07/court-will-decide-fate-of-trumps-travel-ban-later-this-week/,63
Toronto ends school trips to US because of Trump’s travel ban,http://nypost.com/2017/03/24/toronto-ends-school-trips-to-us-because-of-trumps-travel-ban/,64
White House to seek emergency stay of Trump’s travel ban following judge’s decision,http://nypost.com/2017/02/03/white-house-to-seek-emergency-stay-of-trumps-travel-ban-following-judges-decision/,65
Appeals court says no decision yet on Trump’s travel ban,http://nypost.com/2017/02/08/appeals-court-says-no-decision-yet-on-trumps-travel-ban/,66
Hundreds of bodega owners join protest against Trump’s travel ban,http://nypost.com/2017/02/02/thousands-of-bodega-owners-protest-trumps-travel-ban/,67
Justice Dept. appeals to reverse judge’s order halting travel ban,http://nypost.com/2017/02/04/justice-department-files-appeal-to-overturn-judges-travel-ban-ruling/,68
Schumer says Trump should throw travel ban ‘in the trash’,http://nypost.com/2017/02/12/schumer-says-trump-should-throw-travel-ban-in-the-trash/,69
Green card holders won’t be subject to travel ban,http://nypost.com/2017/01/29/green-card-holders-wont-be-subject-to-travel-ban/,70
Trump travel ban expected to hurt foreign tourism in NYC,http://nypost.com/2017/02/28/trump-travel-ban-expected-to-hurt-foreign-tourism-in-nyc/,71
Schneiderman joins new lawsuit against revised immigration ban,http://nypost.com/2017/03/13/schneiderman-joins-lawsuit-against-trumps-travel-ban/,72
ISIS fighters call Trump’s travel order a ‘blessed ban’,http://nypost.com/2017/02/08/isis-fighters-call-trumps-travel-order-a-blessed-ban/,73
Another federal appeals court rules against Trump’s travel ban,http://nypost.com/2017/06/12/another-federal-appeals-court-rules-against-trumps-travel-ban/,74
Appeals court denies request to immediately reinstate travel ban,http://nypost.com/2017/02/05/appeals-court-denies-request-to-immediately-reinstate-travel-ban/,75
Trump left countries with high terror risk off his banned list,http://nypost.com/2017/01/28/trump-left-countries-with-high-terror-risk-off-his-banned-list/,76
It’s not Trump’s travel bans that are critical – but what comes next,http://nypost.com/2017/03/06/its-not-trumps-travel-bans-that-are-critical-but-what-comes-next/,77
Iraq hits back with tit-for-tat measure against Trump’s travel ban,http://nypost.com/2017/01/30/iraq-hits-back-with-tit-for-tat-measure-against-trumps-travel-ban/,78
Judge’s blocking of travel ban sets stage for epic court battle,http://nypost.com/2017/02/04/judges-blocking-of-travel-ban-sets-stage-for-epic-court-battle/,79
Trump mocks Schumer for crying over travel ban,http://nypost.com/2017/01/30/trump-mocks-schumer-for-crying-over-travel-ban/,80
Immigrants describe being detained during Trump’s travel ban,http://nypost.com/2017/02/07/immigrants-describe-being-detained-during-trumps-travel-ban/,81
Trump supporters say ‘Bowling Green Massacre’ justifies travel ban,http://nypost.com/2017/02/10/trump-supporters-say-bowling-green-massacre-justifies-travel-ban/,82
A travel ban is too harsh — but Dems need to think of an alternative,http://nypost.com/2017/02/20/a-travel-ban-is-too-harsh-but-dems-need-to-think-of-an-alternative/,83
Kellyanne Conway’s husband: Trump tweets won’t help travel ban pass,http://nypost.com/2017/06/05/kellyanne-conways-husband-trump-tweets-wont-help-travel-ban-pass/,84
Seattle judge blocks immigration ban after Boston judge refused to extend stay,http://nypost.com/2017/02/03/seattle-judge-blocks-immigration-ban-after-boston-judge-refused-to-extend-stay/,85
Trump appealing 9th Circuit Court ruling on his immigration ban,http://nypost.com/2017/02/13/trump-will-appeal-court-ruling-suspending-immigration-ban/,86
All travelers detained under Trump ban have been released,http://nypost.com/2017/01/30/all-travelers-detained-under-trump-ban-have-been-released/,87
Supreme Court allows Trump administration to enforce refugee ban,http://nypost.com/2017/07/19/supreme-court-allows-trump-administration-to-enforce-refugee-ban/,88
Acting AG advises Justice Department not to defend Trump’s ban,http://nypost.com/2017/01/30/justice-department-advised-not-to-defend-trumps-travel-ban/,89
Blocked immigrants in travel ban can reapply for visas: DOJ,http://nypost.com/2017/08/31/blocked-immigrants-in-travel-ban-can-reapply-for-visas-doj/,90
Massive protests at airports across US after Trump’s immigrant ban,http://nypost.com/2017/01/29/massive-protests-erupt-at-airports-across-us-after-trumps-immigrant-ban/,91
US slashes visas issued to visitors from travel-ban countries,http://nypost.com/2017/05/26/us-slashes-number-of-visas-issued-to-visitors-from-travel-ban-countries/,92
Iranian cancer researcher detained under travel ban,http://nypost.com/2017/07/11/iranian-cancer-researcher-detained-under-travel-ban/,93
Trump signs executive order for ‘extreme vetting’ of immigrants,http://nypost.com/2017/01/27/trump-signs-executive-order-for-extreme-vetting-of-immigrants/,94
White House says protests mean travel ban is ‘hugely successful’,http://nypost.com/2017/01/30/white-house-says-protests-mean-travel-ban-is-hugely-successful/,95
At least 12 detained at JFK under travel ban; two are released,http://nypost.com/2017/01/28/iraqi-citizen-detained-at-jfk-under-refugee-ban-is-released/,96
Syrian family reunited at JFK despite travel ban,http://nypost.com/2017/02/03/syrian-family-reunited-at-jfk-despite-travel-ban/,97
A Supreme win for Trump and the rule of law,http://nypost.com/2017/06/26/a-supreme-win-for-trump-and-the-rule-of-law/,98
Syrian grandma at center of travel ban lawsuit arrives in Hawaii,http://nypost.com/2017/08/13/syrian-grandma-at-center-of-travel-ban-lawsuit-arrives-in-hawaii/,99
Hundreds gather at Dallas airport to protest travel ban,http://nypost.com/2017/01/29/hundreds-gather-at-texas-airport-to-protest-travel-ban/,100
State Department reverses Trump’s visa cancellations,http://nypost.com/2017/02/04/state-department-reverses-trumps-visa-ban/,101
Companies warn employees not to travel amid immigration ban,http://nypost.com/2017/01/31/companies-warn-employees-not-to-travel-amid-immigration-ban/,102
Muhammad Ali’s son detained under Trump immigration ban,http://nypost.com/2017/02/24/muhammad-alis-son-detained-under-trump-immigration-ban/,103
Trump signs executive order for ‘extreme vetting’ of immigrants,https://nypost.com/2017/01/27/trump-signs-executive-order-for-extreme-vetting-of-immigrants/,104
Trump stands firm against immigration ban’s critics,http://nypost.com/2017/01/30/trump-stands-firm-in-wake-of-massive-immigration-ban-backlash/,105
Hillary and Kellyanne get into it on Twitter,http://nypost.com/2017/02/10/hillary-clinton-trolls-trump-after-appeals-court-halts-travel-ban/,106
"Mohamed Sanu, a Muslim in Super Bowl: Travel ban is ‘tough’",http://nypost.com/2017/01/31/mohamed-sanu-not-focused-on-tough-situation-of-trump-ban/,107
Jihadis are obsessed with American al Qaeda leader’s old sermon,http://nypost.com/2017/01/31/american-born-al-qaeda-leader-predicted-west-would-turn-on-muslims/?utm_campaign=partnerfeed&utm_medium=syndicated&utm_source=flipboard,108
Visa holders scramble to US before Trump’s ban is reinstated,http://nypost.com/2017/02/05/travelers-scramble-to-us-before-trumps-ban-is-reinstated/,109
Senate Republicans block attempt to overturn Trump’s immigration ban,http://nypost.com/2017/01/30/senate-republicans-block-democratic-attempt-to-overturn-trumps-immigration-ban/,110
De Blasio: Travel ban may be ‘first step towards a Muslim registry’,http://nypost.com/2017/01/29/de-blasio-travel-ban-may-be-first-step-towards-a-muslim-registry/,111
Assad supports Trump’s immigration ban,http://nypost.com/2017/02/16/assad-supports-trumps-immigration-ban/,112
Trump revising executive order on immigration ban,http://nypost.com/2017/02/16/trump-revising-executive-order-on-immigration-ban/,113
31 percent of people say travel ban makes them feel ‘more safe’,http://nypost.com/2017/02/01/31-percent-of-people-say-travel-ban-makes-them-feel-more-safe/,114
US appeals court rules against broad enforcement of travel ban,http://nypost.com/2017/09/07/us-appeals-court-rules-against-broad-enforcement-of-travel-ban/,115
American basketball players stranded in Middle East amid bans,http://nypost.com/2017/01/29/american-basketball-players-stranded-in-middle-east-after-bans/,116
Trump fires acting AG for defying immigration ban,http://nypost.com/2017/01/30/trump-fires-acting-ag-for-defying-immigration-ban/,117
"Trump defends immigration ban, calls the world ‘a horrible mess’",http://nypost.com/2017/01/29/trump-defends-immigration-ban-calls-the-world-a-horrible-mess/,118
Trump lays out ‘goals’ for immigration reform,http://nypost.com/2017/03/01/trump-lays-out-goals-for-immigration-reform/,119
Air France blocks 15 people traveling to US due to travel ban,http://nypost.com/2017/01/30/air-france-blocks-21-people-traveling-to-us-due-to-travel-ban/,120
Muslim ex-Knick after Trump ban: Today I found out I’m hated,http://nypost.com/2017/01/28/muslim-ex-knick-after-trump-ban-today-i-found-out-im-hated/,121
Iran to ban US citizens in retaliation to Trump move,http://nypost.com/2017/01/29/iran-to-ban-us-citizens-in-retaliation-to-trump-move/,122
US issues new visa criteria for 6 Muslim nations,http://nypost.com/2017/06/28/us-issues-new-visa-criteria-for-6-muslim-nations/,123
Foreigners may have to turn over cellphones under Trump’s ‘extreme vetting’,http://nypost.com/2017/04/04/foreigners-may-have-to-turn-over-cell-phones-under-trumps-extreme-vetting/,124
"Net chokes up: I’m Muslim, and Trump’s ban is ‘BS’",http://nypost.com/2017/01/28/emotional-nets-guard-im-muslim-and-trumps-ban-is-bs/,125
Hawaii to challenge new travel ban in court,http://nypost.com/2017/03/07/hawaii-to-challenge-new-travel-ban-in-court/,126
"Brooklyn doctor, CUNY student left stranded after travel ban",http://nypost.com/2017/01/30/brooklyn-doctor-cuny-student-among-stranded-after-travel-ban/,127
More than 100K visas revoked following Trump’s immigration ban,http://nypost.com/2017/02/03/more-than-100k-visas-revoked-following-trumps-immigration-ban/,128
Iran’s supreme leader: Travel ban shows ‘real face of America’,http://nypost.com/2017/02/07/irans-supreme-leader-travel-ban-shows-real-face-of-america/,129
"Trump, Trudeau manage to find common ground on a host of issues",http://nypost.com/2017/02/14/trump-trudeau-manage-to-find-common-ground-on-a-host-of-issues/,130
Trump asked me how to legally create ‘Muslim ban’: Giuliani,http://nypost.com/2017/01/29/trump-asked-me-how-to-legally-create-muslim-ban-giuliani/,131
ACLU gets record donations after Trump’s immigration ban,http://nypost.com/2017/01/30/aclu-gets-record-donations-after-trumps-immigration-ban/,132
State Department officers protest immigration ban,http://nypost.com/2017/01/30/state-department-officers-protest-immigration-ban/,133
Stan Van Gundy on Trump ban: This is like Hitler,http://nypost.com/2017/01/30/stan-van-gundy-on-trump-ban-this-is-like-hitler/,134
Thousands gather outside White House to protest Trump’s immigration ban,http://nypost.com/2017/01/29/thousands-gather-outside-white-house-to-protest-trumps-immigration-ban/,135
"Trump has support of nearly half of America, online polls say",http://nypost.com/2017/02/05/trump-has-support-of-nearly-half-of-america-online-polls-say/,136
Democrats invite immigrants and refugees to Trump’s first address to Congress,http://nypost.com/2017/02/26/democrats-invite-immigrants-and-refugees-to-trumps-first-address-to-congress/,137
Syrian refugee passed through customs despite Trump’s ban,http://nypost.com/2017/01/30/syrian-refugee-passed-through-customs-despite-trumps-ban/,138
An Iranian girl’s journey to the US could save her eyesight,http://nypost.com/2017/02/05/this-iranian-girl-may-go-blind-if-she-cant-enter-the-us/,139
Sorry: Trump’s immigration order is totally legal,http://nypost.com/2017/02/06/sorry-trumps-immigration-order-is-totally-legal/,140
Stop copying Trump to try to counter him,http://nypost.com/2017/05/09/stop-copying-trump-to-try-to-counter-him/,141
US tourists leave North Korea before travel ban takes effect,http://nypost.com/2017/08/31/us-tourists-leave-north-korea-before-travel-ban-takes-effect/,142
Trump: Anti-immigration ban judges can’t read,http://nypost.com/2017/02/08/trump-anti-immigration-ban-judges-cant-read/,143
"No, Trump’s immigration order is NOT ‘recruiting terrorists’",http://nypost.com/2017/02/11/no-trumps-immigration-order-is-not-recruiting-terrorists/,144
State Department downplays number of visas canceled since immigration ban,http://nypost.com/2017/02/03/state-deptartment-downplays-number-of-visas-canceled-since-immigration-ban/,145
"No, Trump’s immigration plan isn’t ‘un-American’",http://nypost.com/2017/01/30/no-trumps-immigration-plan-isnt-un-american/,146
Trump seems to confirm the CIA docs released by WikiLeaks,http://nypost.com/2017/03/16/trump-seems-to-confirm-the-cia-docs-released-by-wikileaks/,147
Grandparents of Muslim citizens can now freely enter the US,http://nypost.com/2017/07/18/grandparents-of-muslim-citizens-can-now-freely-enter-the-us/,148
Yara Shahidi calls halt to Trump ban an ‘early birthday present’,http://nypost.com/ss-post/yara-shahidi-calls-halt-to-trump-ban-an-early-birthday-present/,149
Afghan all-girl robotics team denied US visas for competition,http://nypost.com/2017/07/03/afghan-all-girl-robotics-team-denied-us-visas-for-competition/,150
Uber’s still pretty popular despite boycott,http://nypost.com/2017/02/08/ubers-still-pretty-popular-despite-boycott/,151
Trump administration already using ‘extreme vetting’ on visitors’ social media,http://nypost.com/2017/06/06/trump-administration-already-using-extreme-vetting-on-visitors-social-media/,152
Schneiderman officially in on immigration ban lawsuit,http://nypost.com/2017/02/02/schneiderman-officially-in-on-immigration-ban-lawsuit/,153
Muhammad Ali Jr. suing Trump over airport detentions,http://nypost.com/2017/04/28/muhammad-ali-jr-suing-trump-over-airport-detentions/,154
Cuomo offers to help Iranian infant who can’t get into US for transplant,http://nypost.com/2017/02/03/cuomo-offers-to-help-iranian-infant-who-cant-get-into-us-for-transplant/,155
Google tells staffers to return to US amid immigration ban,http://nypost.com/2017/01/28/google-tells-staffers-to-return-to-us-amid-immigration-ban/,156
Trump says blame immigration ban judge if something bad happens,http://nypost.com/2017/02/05/trump-says-blame-immigration-ban-judge-if-something-bad-happens/,157
Trump calls US legal system ‘broken’ and ‘dangerous’,http://nypost.com/2017/02/11/trump-calls-us-legal-system-broken-and-dangerous/,158
Pence’s old tweet completely contradicts immigration ban,http://nypost.com/2017/01/29/pences-old-tweet-completely-contradicts-immigration-ban/,159
American politics is now all about one thing: impeachment,http://nypost.com/2017/06/12/american-politics-is-now-all-about-one-thing-impeachment/,160
Trump: McCain and Graham are trying to start ‘World War III’,http://nypost.com/2017/01/30/trump-mccain-and-graham-are-trying-to-start-world-war-iii/,161
US arrests nearly 200 Iraqi immigrants in massive deportation sweep,http://nypost.com/2017/06/15/us-arrests-nearly-200-iraqi-immigrants-in-massive-deportation-sweep/,162
British government cancels plan for Trump to address Parliament,http://nypost.com/2017/02/10/british-government-cancels-plan-for-trump-to-speak-to-parliament/,163
"ACLU, DOJ settle legal challenge against Trump travel ban",http://nypost.com/2017/08/29/aclu-doj-settle-legal-challenge-against-trump-travel-ban/,164
Potential legal immigrants to undergo in-person interviews,http://nypost.com/2017/08/27/potential-legal-immigrants-to-undergo-in-person-interviews/,165
Syrian grandma at center of travel ban lawsuit arrives in Hawaii,http://nypost.com/2017/08/13/syrian-grandma-at-center-of-travel-ban-lawsuit-arrives-in-hawaii/,166
Grandparents of Muslim citizens can now freely enter the US,http://nypost.com/2017/07/18/grandparents-of-muslim-citizens-can-now-freely-enter-the-us/,167
Judge expands list of relatives exempted from Trump travel ban,http://nypost.com/2017/07/14/judge-expands-list-of-relatives-exempted-from-trump-travel-ban/,168
Iranian doctor denied US entry was militia fighter,http://nypost.com/2017/07/13/iranian-doctor-denied-us-entry-was-iranian-militia-fighter/,169
Federal judge denies Hawaii’s motion on Trump travel ban,http://nypost.com/2017/07/06/federal-judge-denies-hawaiis-motion-on-trump-travel-ban/,170
Afghan all-girl robotics team denied US visas for competition,http://nypost.com/2017/07/03/afghan-all-girl-robotics-team-denied-us-visas-for-competition/,171
Hawaii throws wrench in Trump’s revised travel ban,http://nypost.com/2017/06/29/hawaii-throws-wrench-in-trumps-revised-travel-ban/,172
Trump’s revised travel ban officially goes into effect,http://nypost.com/2017/06/29/trumps-revised-travel-ban-officially-goes-into-effect/,173
Team Trump dodges questions on travel ban blocking family visits,http://nypost.com/2017/06/29/team-trump-dodges-questions-on-travel-ban-blocking-family-visits/,174
US issues new visa criteria for 6 Muslim nations,http://nypost.com/2017/06/28/us-issues-new-visa-criteria-for-6-muslim-nations/,175
"Trump’s travel ban triumph, Hollywood liberals’ failure and other notable commentary",http://nypost.com/2017/06/27/trumps-travel-ban-triumph-hollywood-liberals-failure-and-other-notable-commentary/,176
What you need to know about Trump’s travel ban,http://nypost.com/2017/06/27/what-you-need-to-know-about-trumps-travel-ban/,177
A Supreme win for Trump and the rule of law,http://nypost.com/2017/06/26/a-supreme-win-for-trump-and-the-rule-of-law/,178
The Supreme Court’s biggest rulings before summer recess,http://nypost.com/2017/06/26/the-supreme-courts-biggest-rulings-before-summer-recess/,179
Trump visits Supreme Court as justices weigh travel ban,http://nypost.com/2017/06/15/trump-headed-to-supreme-court-as-justices-weigh-travel-ban/,180
Trump rips appeals court after latest travel ban ruling,http://nypost.com/2017/06/13/trump-rips-appeals-court-and-media-in-morning-tweetstorm/,181
Trump takes to Twitter to defend earlier tweets,http://nypost.com/2017/06/06/trump-takes-to-twitter-to-defend-earlier-tweets/,182
Trump administration already using ‘extreme vetting’ on visitors’ social media,http://nypost.com/2017/06/06/trump-administration-already-using-extreme-vetting-on-visitors-social-media/,183
Trump scolds DOJ for sending ‘politically correct’ travel ban to Supreme Court,http://nypost.com/2017/06/05/trump-says-doj-shouldnt-have-sent-politically-correct-travel-ban/,184
Republicans question Trump’s latest push for a travel ban,http://nypost.com/2017/06/04/republicans-question-trumps-latest-push-for-a-travel-ban/,185
Trump asks Supreme Court to reinstate travel ban,http://nypost.com/2017/06/01/trump-asks-supreme-court-to-reinstate-travel-ban/,186
The federal courts just joined ‘the resistance’,http://nypost.com/2017/05/31/the-federal-courts-just-joined-the-resistance/,187
US slashes visas issued to visitors from travel-ban countries,http://nypost.com/2017/05/26/us-slashes-number-of-visas-issued-to-visitors-from-travel-ban-countries/,188
Appeals court refuses to reinstate Trump’s travel ban,http://nypost.com/2017/05/25/appeals-court-refuses-to-reinstate-trumps-travel-ban/,189
Judges grill lawyer defending Trump’s travel ban,http://nypost.com/2017/05/16/judges-grill-lawyer-defending-trumps-travel-ban/,190
Another appeals court to weigh Trump’s revised travel ban,http://nypost.com/2017/05/15/another-appeals-court-to-weigh-trumps-revised-travel-ban/,191
First lawsuit against Trump’s travel ban is wrapping up,http://nypost.com/2017/05/10/first-lawsuit-against-trumps-travel-ban-is-wrapping-up/,192
Stop copying Trump to try to counter him,http://nypost.com/2017/05/09/stop-copying-trump-to-try-to-counter-him/,193
Muhammad Ali Jr. suing Trump over airport detentions,http://nypost.com/2017/04/28/muhammad-ali-jr-suing-trump-over-airport-detentions/,194
Trump considering breakup of appeals court that opposed him,http://nypost.com/2017/04/26/trump-considering-break-up-of-appeals-court-that-opposed-him/,195
Salma Hayek slams Trump’s ‘dumb’ border wall,http://pagesix.com/2017/04/26/salma-hayek-slams-trumps-dumb-border-wall/,196
Trump spurs influx of protests city hasn’t seen since 1960s,http://nypost.com/2017/04/24/trump-spurs-influx-of-protests-city-hasnt-seen-since-1960s/,197
Sessions says critics have ‘no sense of humor’ after Hawaii gaffe,http://nypost.com/2017/04/23/sessions-says-critics-have-no-sense-of-humor-after-hawaii-gaffe/,198
DOJ issues ultimatum to NYC and other ‘sanctuary’ cities,http://nypost.com/2017/04/21/doj-calls-out-sanctuary-new-york-in-crackdown-threat/,199
Hawaii reminds Jeff Sessions its actually a state,http://nypost.com/2017/04/20/hawaii-reminds-jeff-sessions-theyre-actually-a-state/,200
Security restrictions force Emirates to scale back flights to US,http://nypost.com/2017/04/19/security-restrictions-force-emirates-to-scale-back-flights-to-us/,201
Trump’s travel ban is hitting luxury hotels the hardest,http://nypost.com/2017/04/12/trumps-travel-ban-is-hitting-luxury-hotels-the-hardest/,202
‘This is the Trump era’: Sessions takes aim at illegal immigration,http://nypost.com/2017/04/11/this-is-the-trump-era-sessions-takes-aim-at-illegal-immigration/,203
Fewer people arrested for trying to cross Mexican border illegally,http://nypost.com/2017/04/04/fewer-people-arrested-for-trying-to-cross-mexican-border-illegally/,204
Zedd bypassed reps to recruit pals for ACLU concert,http://pagesix.com/2017/04/04/zedd-bypassed-reps-to-recruit-pals-for-aclu-benefit-show/,205
Bebe Rexha channels ‘Clueless’ to slam Trump,http://pagesix.com/2017/04/04/bebe-rexha-channels-clueless-to-slam-trump/,206
Foreigners may have to turn over cellphones under Trump’s ‘extreme vetting’,http://nypost.com/2017/04/04/foreigners-may-have-to-turn-over-cell-phones-under-trumps-extreme-vetting/,207
Bella Hadid: ‘I am proud to be a Muslim’,http://pagesix.com/2017/04/03/bella-hadid-i-am-proud-to-be-a-muslim/,208
ACLU Telethon brings laughs while slamming travel ban,http://pagesix.com/2017/04/01/aclu-telethon-brings-laughs-while-slamming-travel-ban/,209
Here’s proof de Blasio thinks his job is to troll Trump,http://nypost.com/2017/04/01/heres-proof-de-blasio-thinks-his-job-is-to-troll-trump/,210
Federal judge extends order blocking Trump’s travel ban,http://nypost.com/2017/03/29/hawaii-judge-extends-order-blocking-trumps-travel-ban/,211
Toronto ends school trips to US because of Trump’s travel ban,http://nypost.com/2017/03/24/toronto-ends-school-trips-to-us-because-of-trumps-travel-ban/,212
Tillerson orders embassies to toughen screenings for visa applicants,http://nypost.com/2017/03/23/tillerson-orders-embassies-to-toughen-screenings-for-visa-applicants/,213
Gorsuch declines to weigh in on Trump’s travel ban,http://nypost.com/2017/03/21/gorsuch-declines-to-weigh-in-on-trumps-travel-ban/,214
Former police chief says he was detained at JFK,http://nypost.com/2017/03/19/former-police-chief-says-he-was-detained-at-jfk/,215
Trump’s first two months prove he’s anything but a fascist,http://nypost.com/2017/03/18/trumps-first-two-months-prove-hes-anything-but-a-fascist/,216
Immigration judges headed to 12 cities to speed up deportations,http://nypost.com/2017/03/18/immigration-judges-headed-to-12-cities-to-speed-up-deportations/,217
Canada’s border officials detain record number of Mexicans,http://nypost.com/2017/03/17/canadas-border-officials-detain-record-number-of-mexicans/,218
Judges’ ‘Twilight Zone’ logic in slapping Trump’s travel ban,http://nypost.com/2017/03/16/judges-twilight-zone-logic-in-slapping-trumps-travel-ban/,219
Another federal judge halts Trump’s revised travel ban,http://nypost.com/2017/03/16/another-federal-judge-halts-trumps-revised-travel-ban/,220
Trump slams ruling against travel ban as ‘unprecedented judicial overreach’,http://nypost.com/2017/03/15/trump-slams-ruling-against-travel-ban-as-unprecedented-judicial-overreach/,221
Federal judge blocks Trump’s second travel ban,http://nypost.com/2017/03/15/judges-blocks-trumps-second-immigration-ban/,222
Mark-Viverito compares Trump’s handling of immigrants to ‘ethnic cleansing’,http://nypost.com/2017/03/15/mark-viverito-compares-trumps-handling-of-immigrants-to-ethnic-cleansing/,223
Preet Bharara’s exit may not be what it seems,http://nypost.com/2017/03/14/preet-bhararas-exit-may-not-be-what-it-seems/,224
Schneiderman joins new lawsuit against revised immigration ban,http://nypost.com/2017/03/13/schneiderman-joins-lawsuit-against-trumps-travel-ban/,225
Why Canada will come to regret its embrace of refugees,http://nypost.com/2017/03/11/why-canada-will-come-to-regret-its-embrace-of-refugees/,226
Muhammad Ali Jr. detained by airport security again,http://nypost.com/2017/03/10/muhammad-ali-jr-detained-by-airport-security-again/,227
Hawaii to challenge new travel ban in court,http://nypost.com/2017/03/07/hawaii-to-challenge-new-travel-ban-in-court/,228
It’s not Trump’s travel bans that are critical – but what comes next,http://nypost.com/2017/03/06/its-not-trumps-travel-bans-that-are-critical-but-what-comes-next/,229
Trump signs revised immigration ban,http://nypost.com/2017/03/06/trump-signs-revised-immigration-ban/,230
Trump expected to unveil new travel ban,http://nypost.com/2017/03/06/trump-expected-to-unveil-new-travel-ban/,231
Trump to sign new travel ban on Monday: report,http://nypost.com/2017/03/04/trump-to-sign-new-travel-ban-on-monday-report/,232
Trump immigration proposal could split kids from their parents,http://nypost.com/2017/03/03/trump-immigration-proposal-could-split-kids-from-their-parents/,233
Trump lays out ‘goals’ for immigration reform,http://nypost.com/2017/03/01/trump-lays-out-goals-for-immigration-reform/,234
Trump’s new immigration order will drop Iraq from ‘ban’ list,http://nypost.com/2017/03/01/trumps-new-immigration-order-will-drop-iraq-from-ban-list/,235
Trump defends travel ban during first speech to Congress,http://nypost.com/2017/02/28/trump-defends-travel-ban-during-first-speech-to-congress/,236
Trump says he’s open to ‘compromise’ immigration bill,http://nypost.com/2017/02/28/trump-says-hes-open-to-compromise-immigration-bill/,237
Trump travel ban expected to hurt foreign tourism in NYC,http://nypost.com/2017/02/28/trump-travel-ban-expected-to-hurt-foreign-tourism-in-nyc/,238
Muhammad Ali Jr. says airport detention made him feel ‘violated’,http://nypost.com/2017/02/28/muhammad-ali-jr-says-airport-detention-made-him-feel-violated/,239
Chef José Andrés bashes Trump at food and wine festival,http://pagesix.com/2017/02/27/chef-jose-andres-bashes-trump-at-food-and-wine-festival/,240
DOJ request to hold appeal on Trump’s travel ban gets rejected,http://nypost.com/2017/02/27/doj-request-to-hold-appeal-on-trumps-travel-ban-gets-rejected/,241
Will immigration reform stifle recruitment of foreign talent?,http://nypost.com/2017/02/26/will-immigration-reform-stifle-recruitment-of-foreign-talent/,242
DOJ has list of detainees under Trump travel ban,http://nypost.com/2017/02/24/doj-has-compiled-list-of-detainees-under-trump-travel-ban/,243
Muhammad Ali’s son detained under Trump immigration ban,http://nypost.com/2017/02/24/muhammad-alis-son-detained-under-trump-immigration-ban/,244
Trump’s new travel ban will be a lot like the last one,http://nypost.com/2017/02/22/trumps-new-travel-ban-will-be-a-lot-like-the-last-one/,245
Trump’s new immigration policy will protect ‘dreamers’ for now,http://nypost.com/2017/02/21/trumps-new-immigration-policy-will-protect-dreamers-for-now/,246
Team Trump’s latest immigration orders are tough — not harsh,http://nypost.com/2017/02/21/team-trumps-latest-immigration-orders-are-tough-not-harsh/,247
Activists hang ‘Refugees Welcome’ banner on Statue of Liberty,http://nypost.com/2017/02/21/activists-hang-refugees-welcome-banner-on-statue-of-liberty/,248
Bloomberg-backed group plans pro-immigration campaign,http://nypost.com/2017/02/21/bloomberg-backed-group-plans-pro-immigration-campaign/,249
A travel ban is too harsh — but Dems need to think of an alternative,http://nypost.com/2017/02/20/a-travel-ban-is-too-harsh-but-dems-need-to-think-of-an-alternative/,250
De Blasio attends ‘I Am a Muslim Too’ rally,http://nypost.com/2017/02/20/de-blasio-attends-i-am-a-muslim-too-protest/,251
Foundations are resisting Trump’s immigration policies,http://nypost.com/2017/02/19/foundations-are-resisting-trumps-immigration-policies/,252
Trump’s new travel ban won’t affect green-card holders,http://nypost.com/2017/02/18/trumps-new-travel-ban-wont-affect-green-card-holders/,253
Illegal immigrants would rather be arrested in Canada than stay in US,http://nypost.com/2017/02/17/illegal-immigrants-would-rather-be-arrested-in-canada-than-stay-in-us/,254
Trump team considers deploying National Guard for immigrant roundup,http://nypost.com/2017/02/17/trump-considers-deploying-100000-national-guard-troops-for-immigrant-roundup/,255
Mark-Viverito vows to block immigration forces from city buildings,http://nypost.com/2017/02/16/mark-viverito-vows-to-block-immigration-forces-from-city-buildings/,256
Trump revising executive order on immigration ban,http://nypost.com/2017/02/16/trump-revising-executive-order-on-immigration-ban/,257
Hillary takes subtle digs at Trump over immigration ban,http://nypost.com/2017/02/16/hillary-takes-subtle-digs-at-trump-over-immigration-ban/,258
Assad supports Trump’s immigration ban,http://nypost.com/2017/02/16/assad-supports-trumps-immigration-ban/,259
Immigration protests may leave NYC restaurants short-handed,http://nypost.com/2017/02/15/immigration-protests-may-leave-nyc-restaurants-short-handed/,260
"Trump, Trudeau manage to find common ground on a host of issues",http://nypost.com/2017/02/14/trump-trudeau-manage-to-find-common-ground-on-a-host-of-issues/,261
Trump appealing 9th Circuit Court ruling on his immigration ban,http://nypost.com/2017/02/13/trump-will-appeal-court-ruling-suspending-immigration-ban/,262
Schumer says Trump should throw travel ban ‘in the trash’,http://nypost.com/2017/02/12/schumer-says-trump-should-throw-travel-ban-in-the-trash/,263
Donald Trump rages about a Mark Cuban POTUS run,http://nypost.com/2017/02/12/trump-trash-talks-critics-cnn-and-not-smart-mark-cuban/,264
Clinton reminds us why we’re lucky she lost the election,http://nypost.com/2017/02/12/clinton-reminds-us-why-were-lucky-she-lost-the-election/,265
Trump’s travel ban could get another shot in court,http://nypost.com/2017/02/12/trumps-travel-ban-could-get-another-shot-in-court/,266
This liberal Brooklynite is on the hunt for conservative friends,http://nypost.com/2017/02/12/this-liberal-brooklynite-is-on-the-hunt-for-conservative-friends/,267
Trump calls US legal system ‘broken’ and ‘dangerous’,http://nypost.com/2017/02/11/trump-calls-us-legal-system-broken-and-dangerous/,268
Hundreds of immigrants arrested in ‘enforcement surge’,http://nypost.com/2017/02/11/hundreds-of-immigrants-arrested-in-enforcement-surge/,269
"No, Trump’s immigration order is NOT ‘recruiting terrorists’",http://nypost.com/2017/02/11/no-trumps-immigration-order-is-not-recruiting-terrorists/,270
Trump says he might sign new executive order on travel ban,http://nypost.com/2017/02/10/trump-says-he-might-sign-new-executive-order-on-travel-ban/,271
Trump says additional immigration security steps will come ‘rapidly’,http://nypost.com/2017/02/10/trump-says-additional-immigration-security-steps-coming-rapidly/,272
British government cancels plan for Trump to address Parliament,http://nypost.com/2017/02/10/british-government-cancels-plan-for-trump-to-speak-to-parliament/,273
De Blasio compares Cuomo to Trump in flap over school funds,http://nypost.com/2017/02/10/de-blasio-compares-cuomo-to-trump-in-flap-over-school-funds/,274
Trump supporters say ‘Bowling Green Massacre’ justifies travel ban,http://nypost.com/2017/02/10/trump-supporters-say-bowling-green-massacre-justifies-travel-ban/,275
Hillary and Kellyanne get into it on Twitter,http://nypost.com/2017/02/10/hillary-clinton-trolls-trump-after-appeals-court-halts-travel-ban/,276
Trump rages against court’s ruling against travel ban,http://nypost.com/2017/02/10/trump-calls-courts-ruling-against-travel-ban-disgraceful/,277
Amazon takes victory lap for its role in halting Trump’s travel ban,http://nypost.com/2017/02/10/amazon-takes-victory-lap-for-its-role-in-halting-trumps-travel-ban/,278
Slamming the Supremes — like FDR and Abe Lincoln,http://nypost.com/2017/02/09/slamming-the-supremes-like-fdr-and-abe-lincoln/,279
Federal appeals court rules against Trump’s travel ban,http://nypost.com/2017/02/09/federal-appeals-court-rules-against-trumps-travel-ban/,280
Appeals court to issue ruling on Trump’s travel ban,http://nypost.com/2017/02/09/appeals-court-to-issue-ruling-on-trumps-travel-ban/,281
Trump slams senator who made Supreme Court nominee’s criticism public,http://nypost.com/2017/02/09/trump-slams-senator-who-made-supreme-court-nominees-criticism-public/,282
ISIS fighters call Trump’s travel order a ‘blessed ban’,http://nypost.com/2017/02/08/isis-fighters-call-trumps-travel-order-a-blessed-ban/,283
Trump gets trolled for tweeting about the ‘Easy D’,http://nypost.com/2017/02/08/trump-gets-trolled-for-tweeting-about-the-easy-d/,284
Appeals court says no decision yet on Trump’s travel ban,http://nypost.com/2017/02/08/appeals-court-says-no-decision-yet-on-trumps-travel-ban/,285
Trump: Anti-immigration ban judges can’t read,http://nypost.com/2017/02/08/trump-anti-immigration-ban-judges-cant-read/,286
Uber’s still pretty popular despite boycott,http://nypost.com/2017/02/08/ubers-still-pretty-popular-despite-boycott/,287
Trump: Eternal safety of America depends on travel ban passing,http://nypost.com/2017/02/08/trump-eternal-safety-of-america-depends-on-travel-ban-passing/,288
Appeals court hammers away at feds over Trump’s travel ban,http://nypost.com/2017/02/07/appeals-court-hammers-away-at-feds-over-trumps-travel-ban/,289
Immigrants describe being detained during Trump’s travel ban,http://nypost.com/2017/02/07/immigrants-describe-being-detained-during-trumps-travel-ban/,290
Court will decide fate of Trump’s travel ban later this week,http://nypost.com/2017/02/07/court-will-decide-fate-of-trumps-travel-ban-later-this-week/,291
Iraqi men held at JFK file motion to make Trump release detainee list,http://nypost.com/2017/02/07/iraqi-men-held-at-jfk-file-motion-to-make-trump-release-detainee-list/,292
Live: Federal appeals court hears battle over Trump’s travel ban,http://nypost.com/2017/02/07/watch-live-federal-appeals-court-to-hear-battle-over-trumps-travel-ban/,293
More than half of Americans oppose Trump’s travel ban: poll,http://nypost.com/2017/02/07/more-than-half-of-americans-oppose-trumps-travel-ban-poll/,294
Trump says travel ban fight could go to Supreme Court,http://nypost.com/2017/02/07/trump-says-travel-ban-fight-could-go-to-supreme-court/,295
Iran’s supreme leader: Travel ban shows ‘real face of America’,http://nypost.com/2017/02/07/irans-supreme-leader-travel-ban-shows-real-face-of-america/,296
Rabbis among group of anti-Trump protesters arrested,http://nypost.com/2017/02/07/rabbis-among-group-of-anti-trump-protesters-arrested/,297
Sorry: Trump’s immigration order is totally legal,http://nypost.com/2017/02/06/sorry-trumps-immigration-order-is-totally-legal/,298
Dozens of law students welcome Iranian girl at JFK airport,http://nypost.com/2017/02/06/dozens-of-law-students-welcome-iranian-girl-at-jfk-airport/,299
DOJ files brief in federal appeals court supporting Trump’s travel ban,http://nypost.com/2017/02/06/doj-files-brief-in-federal-appeals-court-supporting-trumps-travel-ban/,300
What was 84 Lumber thinking with its Super Bowl ad?,http://nypost.com/2017/02/06/wtf-was-84-lumber-thinking-with-its-super-bowl-ad/,301
Tech giants file legal brief opposing immigration ban,http://nypost.com/2017/02/06/tech-giants-file-legal-brief-opposing-immigration-ban/,302
Trump threatens to cut off federal funding to ‘out of control’ California,http://nypost.com/2017/02/06/trump-threatens-to-cut-off-federal-funding-to-out-of-control-california/,303
Two states say allowing travel ban would ‘unleash chaos again’,http://nypost.com/2017/02/06/two-states-say-allowing-travel-ban-would-unleash-chaos-again/,304
Trump says blame immigration ban judge if something bad happens,http://nypost.com/2017/02/05/trump-says-blame-immigration-ban-judge-if-something-bad-happens/,305
Conway blames ‘haters’ for ‘Bowling Green Massacre’ backlash,http://nypost.com/2017/02/05/conway-blames-haters-for-bowling-green-massacre-backlash/,306
Pence vows to use ‘all legal means’ to overturn judge’s travel ban block,http://nypost.com/2017/02/05/pence-vows-to-use-all-legal-means-to-overturn-judges-travel-ban-block/,307
Trump blasted for discrediting judge who blocked ban,http://nypost.com/2017/02/05/trump-blasted-for-discrediting-judge-who-blocked-ban/,308
An Iranian girl’s journey to the US could save her eyesight,http://nypost.com/2017/02/05/this-iranian-girl-may-go-blind-if-she-cant-enter-the-us/,309
Visa holders scramble to US before Trump’s ban is reinstated,http://nypost.com/2017/02/05/travelers-scramble-to-us-before-trumps-ban-is-reinstated/,310
Appeals court denies request to immediately reinstate travel ban,http://nypost.com/2017/02/05/appeals-court-denies-request-to-immediately-reinstate-travel-ban/,311
"Trump has support of nearly half of America, online polls say",http://nypost.com/2017/02/05/trump-has-support-of-nearly-half-of-america-online-polls-say/,312
Thousands protest against Trump outside Stonewall Inn,http://nypost.com/2017/02/05/thousands-protest-against-trump-outside-stonewall-inn/,313
Justice Dept. appeals to reverse judge’s order halting travel ban,http://nypost.com/2017/02/04/justice-department-files-appeal-to-overturn-judges-travel-ban-ruling/,314
Homeland Security stops flagging travelers from countries banned by Trump,http://nypost.com/2017/02/04/homeland-security-stops-flagging-travelers-from-countries-banned-by-trump/,315
State Department reverses Trump’s visa cancellations,http://nypost.com/2017/02/04/state-department-reverses-trumps-visa-ban/,316
Trump slams ‘so-called’ judge who blocked travel ban,http://nypost.com/2017/02/04/trump-slams-so-called-judge-who-blocked-travel-ban/,317
Thousands in London protest Trump’s refugee ban,http://nypost.com/2017/02/04/thousands-in-london-protest-trumps-refugee-ban/,318
Judge’s blocking of travel ban sets stage for epic court battle,http://nypost.com/2017/02/04/judges-blocking-of-travel-ban-sets-stage-for-epic-court-battle/,319
White House to seek emergency stay of Trump’s travel ban following judge’s decision,http://nypost.com/2017/02/03/white-house-to-seek-emergency-stay-of-trumps-travel-ban-following-judges-decision/,320
Seattle judge blocks immigration ban after Boston judge refused to extend stay,http://nypost.com/2017/02/03/seattle-judge-blocks-immigration-ban-after-boston-judge-refused-to-extend-stay/,321
Federal judge refuses to extend stay on Trump’s travel ban,http://nypost.com/2017/02/03/federal-judge-refuses-to-extend-stay-on-trumps-travel-ban/,322
Syrian family reunited at JFK despite travel ban,http://nypost.com/2017/02/03/syrian-family-reunited-at-jfk-despite-travel-ban/,323
Chelsea Clinton’s dig at Kellyanne Conway sparks Twitter feud,http://nypost.com/2017/02/03/chelsea-clintons-dig-at-kellyanne-conway-sparks-feud/,324
State Department downplays number of visas canceled since immigration ban,http://nypost.com/2017/02/03/state-deptartment-downplays-number-of-visas-canceled-since-immigration-ban/,325
"Lawmakers want immigration ban waiver for military interpreters, sick kids",http://nypost.com/2017/02/03/lawmakers-seek-immigration-ban-waiver-for-military-interpreters-sick-kids/,326
Spoof fundraising site pops up for Bowling Green ‘massacre’,http://nypost.com/2017/02/03/aclu-creates-spoof-site-for-bowling-green-victims-fund/,327
More than 100K visas revoked following Trump’s immigration ban,http://nypost.com/2017/02/03/more-than-100k-visas-revoked-following-trumps-immigration-ban/,328
Conway tries to play off making up a massacre,http://nypost.com/2017/02/03/conway-tries-to-play-off-making-up-a-massacre/,329
Former Norwegian PM stopped at US airport — thanks to Obama,http://nypost.com/2017/02/03/former-norwegian-pm-stopped-at-us-airport-thanks-to-obama/,330
Conway makes up ‘Bowling Green Massacre’ to justify Trump travel ban,http://nypost.com/2017/02/03/conway-cites-nonexistent-terror-attack-to-justify-trumps-travel-ban/,331
Cuomo offers to help Iranian infant who can’t get into US for transplant,http://nypost.com/2017/02/03/cuomo-offers-to-help-iranian-infant-who-cant-get-into-us-for-transplant/,332
Inside Obama’s quiet deal to help Australia with refugees,http://nypost.com/2017/02/02/inside-obamas-quiet-deal-to-help-australia-with-refugees/,333
Hundreds of bodega owners join protest against Trump’s travel ban,http://nypost.com/2017/02/02/thousands-of-bodega-owners-protest-trumps-travel-ban/,334
Uber CEO leaves Trump advisory council,http://nypost.com/2017/02/02/uber-ceo-leaves-trump-advisory-council/,335
Judge extends emergency stay blocking Trump’s travel ban,http://nypost.com/2017/02/02/judge-extends-emergency-stay-blocking-trumps-travel-ban/,336
Bodega owners don’t care about money in protest lockdown,http://nypost.com/2017/02/02/bodega-owners-dont-care-about-money-in-protest-lockdown/,337
Uber drivers call on CEO to cut Trump ties,http://nypost.com/2017/02/02/uber-drivers-call-on-ceo-to-leave-trumps-advisory-committee/,338
Schneiderman officially in on immigration ban lawsuit,http://nypost.com/2017/02/02/schneiderman-officially-in-on-immigration-ban-lawsuit/,339
31 percent of people say travel ban makes them feel ‘more safe’,http://nypost.com/2017/02/01/31-percent-of-people-say-travel-ban-makes-them-feel-more-safe/,340
DOJ given 6 days to decide on fate of student’s visa,http://nypost.com/2017/02/01/doj-given-6-days-to-decide-on-fate-of-students-visa/,341
Imam: Man lied about mom dying abroad after Trump’s travel ban,http://nypost.com/2017/02/01/imam-man-lied-about-mom-dying-abroad-after-trumps-travel-ban/,342
Over 1K city bodega owners plan to strike in protest of travel ban,http://nypost.com/2017/02/01/over-1k-city-bodega-owners-plan-to-strike-in-protest-of-travel-ban/,343
Uber paying the price for not supporting driver strike,http://nypost.com/2017/02/01/uber-paying-the-price-for-not-supporting-driver-strike/,344
Trump’s immigration ban returns to court,http://nypost.com/2017/02/01/trumps-immigration-ban-returns-to-court/,345
Trump maintains travel ban keeps ‘bad people’ out,http://nypost.com/2017/02/01/trump-maintains-travel-ban-keeps-bad-people-out/,346
Trump’s visit to Harley-Davidson canceled because of protests,http://nypost.com/2017/02/01/trumps-visit-to-harley-davidson-cancelled-because-of-protests/,347
Iran’s president: Trump is a newcomer,http://nypost.com/2017/02/01/irans-president-trump-is-a-newcomer/,348
"Over 1,100 admitted to US since Trump ordered travel ban",http://nypost.com/2017/01/31/over-1100-admitted-to-us-since-trump-ordered-travel-ban/,349
Democrats are becoming the party of secession,http://nypost.com/2017/01/31/democrats-are-digging-their-own-grave-and-boosting-trump-at-the-same-time/,350
Doubting Democrats’ newfound ‘passion’ on refugees,http://nypost.com/2017/01/31/doubting-democrats-newfound-passion-on-refugees/,351
The press should stop pestering Tom Brady about his Trump ties,http://nypost.com/2017/01/31/the-press-wont-stop-pestering-tom-brady-about-his-trump-ties/,352
Trump had to fire Sally Yates and other notable comments,http://nypost.com/2017/01/31/trump-had-to-fire-sally-yates-hillary-blames-obama-and-other-notable-comments/,353
Schneiderman joining federal suit against Trump’s travel ban,http://nypost.com/2017/01/31/schneiderman-joining-federal-suit-against-trumps-travel-ban/,354
Companies warn employees not to travel amid immigration ban,http://nypost.com/2017/01/31/companies-warn-employees-not-to-travel-amid-immigration-ban/,355
Jihadis are obsessed with American al Qaeda leader’s old sermon,http://nypost.com/2017/01/31/american-born-al-qaeda-leader-predicted-west-would-turn-on-muslims/,356
GOP leaders kept in the dark about Trump’s immigration ban,http://nypost.com/2017/01/31/gop-leaders-kept-in-the-dark-about-trumps-immigration-ban/,357
Trump makes fun of Schumer for using broken mic at rally,http://nypost.com/2017/01/31/trump-makes-fun-of-schumer-for-using-broken-mic-at-rally/,358
Democrats praise ‘patriot’ Sally Yates for defying Donald Trump,http://nypost.com/2017/01/31/democrats-praise-patriot-sally-yates-for-defying-donald-trump/,359
Jeff Sessions asked former acting AG if she would say ‘no’ to president,http://nypost.com/2017/01/31/jeff-sessions-asked-former-acting-ag-if-she-would-say-no-to-president/,360
Here’s why we need immigrants now more than ever,http://nypost.com/2017/01/30/heres-why-we-need-immigrants-now-more-than-ever/,361
"Brooklyn doctor, CUNY student left stranded after travel ban",http://nypost.com/2017/01/30/brooklyn-doctor-cuny-student-among-stranded-after-travel-ban/,362
Trump fires acting AG for defying immigration ban,http://nypost.com/2017/01/30/trump-fires-acting-ag-for-defying-immigration-ban/,363
Trump stands firm against immigration ban’s critics,http://nypost.com/2017/01/30/trump-stands-firm-in-wake-of-massive-immigration-ban-backlash/,364
"No, Trump’s immigration plan isn’t ‘un-American’",http://nypost.com/2017/01/30/no-trumps-immigration-plan-isnt-un-american/,365
Stan Van Gundy on Trump ban: This is like Hitler,http://nypost.com/2017/01/30/stan-van-gundy-on-trump-ban-this-is-like-hitler/,366
Lyft surpasses Uber in downloads after protest controversy,http://nypost.com/2017/01/30/lyft-surpasses-uber-in-downloads-after-protest-controversy/,367
Trump administration to admit 872 refugees despite travel ban: report,http://nypost.com/2017/01/30/trump-administration-to-admit-872-refugees-despite-travel-ban-report/,368
Acting AG advises Justice Department not to defend Trump’s ban,http://nypost.com/2017/01/30/justice-department-advised-not-to-defend-trumps-travel-ban/,369
Sean Spicer defends Trump’s immigration ban,http://nypost.com/2017/01/30/sean-spicer-defends-trumps-immigration-ban/,370
Obama says he’s ‘heartened’ by backlash to Trump’s ban,http://nypost.com/2017/01/30/obama-says-hes-heartened-by-backlash-to-trumps-ban/,371
Team Trump bobbles the immigration ball and other notable comments,http://nypost.com/2017/01/30/team-trump-bobbles-the-immigration-ball-and-other-notable-comments/,372
Syrian refugee passed through customs despite Trump’s ban,http://nypost.com/2017/01/30/syrian-refugee-passed-through-customs-despite-trumps-ban/,373
ESPN star annoyed with airport protesters: You disrupted me,http://nypost.com/2017/01/30/espn-star-annoyed-with-airport-protesters-you-disrupted-me/,374
Iraq hits back with tit-for-tat measure against Trump’s travel ban,http://nypost.com/2017/01/30/iraq-hits-back-with-tit-for-tat-measure-against-trumps-travel-ban/,375
Stocks take hit as tech giants condemn immigration ban,http://nypost.com/2017/01/30/stocks-take-hit-as-tech-giants-condemn-immigration-ban/,376
State Department officers protest immigration ban,http://nypost.com/2017/01/30/state-department-officers-protest-immigration-ban/,377
ACLU gets record donations after Trump’s immigration ban,http://nypost.com/2017/01/30/aclu-gets-record-donations-after-trumps-immigration-ban/,378
Trump mocks Schumer for crying over travel ban,http://nypost.com/2017/01/30/trump-mocks-schumer-for-crying-over-travel-ban/,379
Protests across America over Trump’s immigration ban,http://nypost.com/2017/01/30/protests-across-america-over-trumps-immigration-ban/,380
Goldman CEO says Trump travel ban ‘not a policy we support’,http://nypost.com/2017/01/30/goldman-ceo-says-trump-travel-ban-not-a-policy-we-support/,381
Koch brothers slam Trump travel ban as ‘wrong approach’,http://nypost.com/2017/01/30/koch-brothers-slam-trump-travel-ban-as-wrong-approach/,382
White House says protests mean travel ban is ‘hugely successful’,http://nypost.com/2017/01/30/white-house-says-protests-mean-travel-ban-is-hugely-successful/,383
All travelers detained under Trump ban have been released,http://nypost.com/2017/01/30/all-travelers-detained-under-trump-ban-have-been-released/,384
University student identified as shooter in deadly mosque attack,http://nypost.com/2017/01/30/deadly-canada-mosque-shooting-condemned-as-terrorist-attack/,385
Trump blames Delta for nationwide detainments,http://nypost.com/2017/01/30/trump-blames-delta-for-nationwide-detainments/,386
Clintons speak out against Trump’s travel ban,http://nypost.com/2017/01/30/clintons-speak-out-against-trumps-travel-ban/,387
Trump: McCain and Graham are trying to start ‘World War III’,http://nypost.com/2017/01/30/trump-mccain-and-graham-are-trying-to-start-world-war-iii/,388
Air France blocks 15 people traveling to US due to travel ban,http://nypost.com/2017/01/30/air-france-blocks-21-people-traveling-to-us-due-to-travel-ban/,389
Trump admin: Travel ban won’t trap people in airports anymore,http://nypost.com/2017/01/30/trump-admin-travel-ban-wont-trap-people-in-airports-anymore/,390
Politicians worldwide come out against Trump’s travel ban,http://nypost.com/2017/01/30/politicians-worldwide-come-out-against-trumps-travel-ban/,391
Trump screens ‘Finding Dory’ amid immigration ban,http://nypost.com/2017/01/29/trump-screens-finding-dory-amid-immigration-ban/,392
US and Saudi Arabia agree to support ‘safe zones’,http://nypost.com/2017/01/29/us-and-saudi-arabia-agree-to-support-safe-zones/,393
Trump’s ‘gag order’ was fake news and other notable comments,http://nypost.com/2017/01/29/trumps-gag-order-was-fake-news-and-other-comments/,394
Pence’s old tweet completely contradicts immigration ban,http://nypost.com/2017/01/29/pences-old-tweet-completely-contradicts-immigration-ban/,395
New Yorkers protest Trump’s ‘un-American’ immigration ban,http://nypost.com/2017/01/29/new-yorkers-protest-trumps-un-american-immigration-ban/,396
American basketball players stranded in Middle East amid bans,http://nypost.com/2017/01/29/american-basketball-players-stranded-in-middle-east-after-bans/,397
Anti-Trump protesters are refusing to use Uber,http://nypost.com/2017/01/29/anti-trump-protesters-are-refusing-to-use-uber/,398
Thousands gather outside White House to protest Trump’s immigration ban,http://nypost.com/2017/01/29/thousands-gather-outside-white-house-to-protest-trumps-immigration-ban/,399
McCain says Trump adding Bannon to Security Council is concerning,http://nypost.com/2017/01/29/mccain-says-trump-adding-bannon-to-security-council-is-concerning/,400
Hundreds gather at Dallas airport to protest travel ban,http://nypost.com/2017/01/29/hundreds-gather-at-texas-airport-to-protest-travel-ban/,401
Airbnb offers housing to travelers stranded by immigration ban,http://nypost.com/2017/01/29/airbnb-offers-housing-to-travelers-stranded-by-immigration-ban/,402
Schumer vows to fight Trump’s immigration order,http://nypost.com/2017/01/29/schumer-vows-to-fight-trumps-immigration-order/,403
‘Daddy might not be able to come home’: Trump ban rocks track legend,http://nypost.com/2017/01/29/daddy-might-not-be-able-to-come-home-trump-ban-rocks-track-legend/,404
Green card holders won’t be subject to travel ban,http://nypost.com/2017/01/29/green-card-holders-wont-be-subject-to-travel-ban/,405
Trump asked me how to legally create ‘Muslim ban’: Giuliani,http://nypost.com/2017/01/29/trump-asked-me-how-to-legally-create-muslim-ban-giuliani/,406
Massive protests at airports across US after Trump’s immigrant ban,http://nypost.com/2017/01/29/massive-protests-erupt-at-airports-across-us-after-trumps-immigrant-ban/,407
"Net chokes up: I’m Muslim, and Trump’s ban is ‘BS’",http://nypost.com/2017/01/28/emotional-nets-guard-im-muslim-and-trumps-ban-is-bs/,408
Muslim ex-Knick after Trump ban: Today I found out I’m hated,http://nypost.com/2017/01/28/muslim-ex-knick-after-trump-ban-today-i-found-out-im-hated/,409
Trump calls deportations ‘a military operation’,http://nypost.com/2017/02/23/trump-calls-deportations-a-military-operation/,410
Schumer calls for immediate vote to repeal immigration ban,http://nypost.com/2017/01/30/schumer-calls-for-immediate-vote-to-repeal-immigration-ban/,411
Lawyers back in court after judge’s immigration order ignored,http://nypost.com/2017/01/29/lawyers-back-in-court-after-judges-immigration-order-ignored/,412
Shock and indifference to Trump ban on Mosul frontline,http://nypost.com/2017/01/29/shock-and-indifference-to-trump-ban-on-mosul-frontline/,413
Tech giants file legal brief opposing immigration ban,http://nypost.com/2017/02/06/tech-giants-file-legal-brief-opposing-immigration-ban/,414
Trump immigration proposal could split kids from their parents,http://nypost.com/2017/03/03/trump-immigration-proposal-could-split-kids-from-their-parents/,415
Trump goes after ‘ridiculous rulings’ blocking executive orders,http://nypost.com/2017/04/26/trump-goes-after-ridiculous-rulings-blocking-executive-orders/,416
Trump says additional immigration security steps will come ‘rapidly’,http://nypost.com/2017/02/10/trump-says-additional-immigration-security-steps-coming-rapidly/,417
Lyft surpasses Uber in downloads after protest controversy,http://nypost.com/2017/01/30/lyft-surpasses-uber-in-downloads-after-protest-controversy/,418
Chelsea Clinton’s dig at Kellyanne Conway sparks Twitter feud,http://nypost.com/2017/02/03/chelsea-clintons-dig-at-kellyanne-conway-sparks-feud/,419
Foundations are resisting Trump’s immigration policies,http://nypost.com/2017/02/19/foundations-are-resisting-trumps-immigration-policies/,420
Jeff Sessions asked former acting AG if she would say ‘no’ to president,http://nypost.com/2017/01/31/jeff-sessions-asked-former-acting-ag-if-she-would-say-no-to-president/,421
Iranian doctor denied US entry was militia fighter,http://nypost.com/2017/07/13/iranian-doctor-denied-us-entry-was-iranian-militia-fighter/,422
Obama-linked activists have a ‘training manual’ for protesting Trump,http://nypost.com/2017/02/18/obama-linked-activists-have-a-training-manual-for-protesting-trump/,423
NFL team owners blast Trump in solidarity with players’ protests,http://nypost.com/2017/09/24/nfl-team-owners-blast-trump-in-solidarity-with-players-protests/,424
Trump administration eyes expanding DHS deportation powers: report,http://nypost.com/2017/07/14/trump-administration-eyes-expanding-dhs-deportation-powers-report/,425
Iranian PhD student released after detainment at JFK,http://nypost.com/2017/01/29/iranian-phd-student-detained-at-jfk-amid-immigration-chaos/,426
Muhammad Ali Jr. detained by airport security again,http://nypost.com/2017/03/10/muhammad-ali-jr-detained-by-airport-security-again/,427
New Yorkers protest Trump’s ‘un-American’ immigration ban,http://nypost.com/2017/01/29/new-yorkers-protest-trumps-un-american-immigration-ban/,428
ESPN star annoyed with airport protesters: You disrupted me,http://nypost.com/2017/01/30/espn-star-annoyed-with-airport-protesters-you-disrupted-me/,429
Trump is tanking the world’s opinion of America,http://nypost.com/2017/06/27/trump-is-tanking-the-worlds-opinion-of-america/,430
Trump considering breakup of appeals court that opposed him,http://nypost.com/2017/04/26/trump-considering-break-up-of-appeals-court-that-opposed-him/,431
The federal courts just joined ‘the resistance’,http://nypost.com/2017/05/31/the-federal-courts-just-joined-the-resistance/,432
Doubting Democrats’ newfound ‘passion’ on refugees,http://nypost.com/2017/01/31/doubting-democrats-newfound-passion-on-refugees/,433
Rangers’ Mika Zibanejad worried about seeing his family in Iran,http://nypost.com/2017/01/31/rangers-mika-zibanejad-hit-close-to-home-by-trump-ban/,434
Uber drivers call on CEO to cut Trump ties,http://nypost.com/2017/02/02/uber-drivers-call-on-ceo-to-leave-trumps-advisory-committee/,435
Mark-Viverito compares Trump’s handling of immigrants to ‘ethnic cleansing’,http://nypost.com/2017/03/15/mark-viverito-compares-trumps-handling-of-immigrants-to-ethnic-cleansing/,436
Conway tries to play off making up a massacre,http://nypost.com/2017/02/03/conway-tries-to-play-off-making-up-a-massacre/,437
Refugees rent Trump’s childhood home to send message to UN leaders,http://nypost.com/2017/09/18/refugees-rent-trumps-childhood-home-to-send-message-to-un-leaders/,438
"Professor stopped, grilled, booted after ‘extreme vetting’",http://nypost.com/2017/06/08/american-university-of-beirut-professor-denied-entry-into-us/,439
Bodega owners don’t care about money in protest lockdown,http://nypost.com/2017/02/02/bodega-owners-dont-care-about-money-in-protest-lockdown/,440
Former police chief says he was detained at JFK,http://nypost.com/2017/03/19/former-police-chief-says-he-was-detained-at-jfk/,441
Immigration protests may leave NYC restaurants short-handed,http://nypost.com/2017/02/15/immigration-protests-may-leave-nyc-restaurants-short-handed/,442
Canadian PM to refugees: We will welcome you,http://nypost.com/2017/01/28/canadian-pm-to-refugees-we-will-welcome-you/,443
Former Norwegian PM stopped at US airport — thanks to Obama,http://nypost.com/2017/02/03/former-norwegian-pm-stopped-at-us-airport-thanks-to-obama/,444
Grants to ‘sanctuary cities’ to be suspended on case-by-case basis,http://nypost.com/2017/02/07/grants-to-sanctuary-cities-to-be-suspended-on-case-by-case-basis/,445
De Blasio attends ‘I Am a Muslim Too’ rally,http://nypost.com/2017/02/20/de-blasio-attends-i-am-a-muslim-too-protest/,446
When your job pays you to protest,http://nypost.com/2017/06/28/when-your-job-pays-you-to-protest/,447
Transportation nightmare at JFK after cabbies join protest,http://nypost.com/2017/01/29/transportation-nightmare-at-jfk-after-cabbies-join-protest/,448
US is taking in half as many refugees under Trump,http://nypost.com/2017/06/24/number-of-refugees-admitted-into-us-drops-by-50-percent/,449
ACLU warns travelers to stay away from this state,http://nypost.com/2017/05/09/aclu-warns-travelers-to-stay-away-from-this-state/,450
Homeland Security wants to feed detained immigrants tacos,http://nypost.com/2017/03/10/homeland-security-plans-to-feed-detained-immigrants/,451
Bloomberg-backed group plans pro-immigration campaign,http://nypost.com/2017/02/21/bloomberg-backed-group-plans-pro-immigration-campaign/,452
Iranian director to send famous proxies to Oscars in his place,http://nypost.com/ss-post/iranian-director-to-send-famous-proxies-to-oscars-in-his-place/,453
Conway: Airport chaos a ‘small price to pay’ for security,http://nypost.com/2017/01/29/conway-airport-chaos-a-small-price-to-pay-for-security/,454
More and more Americans are trying to pack heat while flying,http://nypost.com/2017/03/22/more-and-more-americans-are-trying-to-pack-heat-while-flying/,455
Iraqis detained at JFK say release saved their lives,http://nypost.com/2017/01/29/iraqis-detained-at-jfk-say-release-saved-their-lives/,456
"Passengers from Iraq, Yemen barred from NYC-bound flight after Trump refugee ban",http://nypost.com/2017/01/28/egyptair-passengers-from-iraq-yemen-barred-from-nyc-bound-flight/,457
Trump to sign executive order banning Syrian refugees from US,http://nypost.com/2017/01/25/trump-to-sign-executive-order-banning-syrian-refugees-from-us/,458
Supreme Court cancels arguments over Trump’s travel ban,http://nypost.com/2017/09/25/supreme-court-cancels-arguments-over-trumps-travel-ban/,459
Refugees rent Trump’s childhood home to send message to UN leaders,http://nypost.com/2017/09/18/refugees-rent-trumps-childhood-home-to-send-message-to-un-leaders/,460
Trump mulling new travel ban after recent London attack,http://nypost.com/2017/09/17/trump-mulling-new-travel-ban-after-recent-london-attack/,461
Federal judge rules DOJ can’t block funds to sanctuary cities,http://nypost.com/2017/09/15/federal-judge-rules-doj-cant-block-funds-to-sanctuary-cities/,462
Supreme Court allows Trump’s travel ban to remain for most refugees,http://nypost.com/2017/09/12/supreme-court-allows-trumps-travel-ban-to-remain-for-most-refugees/,463
Supreme Court temporarily restores Trump’s travel ban,http://nypost.com/2017/09/11/supreme-court-blocks-appeals-court-ruling-that-limits-trumps-travel-ban/,464
Trump wants Supreme Court to restore refugee travel ban,http://nypost.com/2017/09/11/trump-wants-supreme-court-to-restore-refugee-travel-ban/,465
US appeals court rules against broad enforcement of travel ban,http://nypost.com/2017/09/07/us-appeals-court-rules-against-broad-enforcement-of-travel-ban/,466
Blocked immigrants in travel ban can reapply for visas: DOJ,http://nypost.com/2017/08/31/blocked-immigrants-in-travel-ban-can-reapply-for-visas-doj/,467
