Title,URL,Idx
"Trump has tweeted his travel ban should be 'far larger, tougher and ...",https://www.washingtonpost.com/news/the-fix/wp/2017/09/15/trump-is-still-angry-about-the-travel-ban-he-undermined-himself/,1
"White House expands travel ban, restricting visitors from eight countries",https://www.washingtonpost.com/world/national-security/trump-administration-changes-travel-ban-countries/2017/09/24/1fef7cfe-a140-11e7-ade1-76d061d56efa_story.html,2
Trump's travel ban may expire before it reaches the Supreme Court ...,https://www.washingtonpost.com/opinions/trumps-travel-ban-may-expire-before-it-reaches-the-supreme-court/2017/09/10/b131c4f0-8841-11e7-961d-2f373b3977ee_story.html,3
ACLU and others to challenge latest Trump travel ban in court - The ...,https://www.washingtonpost.com/world/national-security/aclu-and-others-to-challenge-latest-trump-travel-ban-in-court/2017/09/29/8124a3fe-a556-11e7-8cfe-d5b912fabc99_story.html,4
The basic premise of Trump's travel ban is wrong - The Washington Post,https://www.washingtonpost.com/opinions/the-basic-premise-of-trumps-travel-ban-is-wrong/2017/09/26/7cb868b0-a2d5-11e7-8cfe-d5b912fabc99_story.html,5
"Why even if legal, the travel ban is dumb - The Washington Post",https://www.washingtonpost.com/blogs/right-turn/wp/2017/09/27/why-even-if-legal-the-travel-ban-is-dumb/,6
Supreme Court postpones hearing on Trump's travel ban - The ...,https://www.washingtonpost.com/politics/courts_law/supreme-court-postpones-hearing-on-trumps-travel-ban/2017/09/25/5057cfa8-a218-11e7-b14f-f41773cd5a14_story.html,7
Trump's travel ban on Chad makes absolutely no sense - The ...,https://www.washingtonpost.com/opinions/global-opinions/trumps-travel-ban-on-chad-makes-absolutely-no-sense/2017/09/28/da6d71de-a3d0-11e7-8cfe-d5b912fabc99_story.html,8
Trump's new travel ban still has no justification - The Washington Post,https://www.washingtonpost.com/opinions/the-new-travel-ban-still-has-no-justification/2017/09/25/2237274e-a232-11e7-8cfe-d5b912fabc99_story.html,9
New travel ban implicitly concedes previous ones were ludicrous - The ...,https://www.washingtonpost.com/blogs/right-turn/wp/2017/09/25/new-travel-ban-implicitly-concedes-previous-ones-were-ludicrous/,10
What Trump changed in the new travel ban - Washington Post,https://www.washingtonpost.com/graphics/politics/trump-compare-travel-ban/,-1
Trump's newest travel ban order has many of the same flaws as the old,https://www.washingtonpost.com/news/volokh-conspiracy/wp/2017/09/25/trumps-newest-travel-ban-order-has-many-of-the-same-flaws-as-the-old/,11
Trump's travel ban is built on a law meant to 'protect' the U.S. from ...,https://www.washingtonpost.com/news/monkey-cage/wp/2017/06/22/trumps-travel-ban-is-built-on-a-law-meant-to-protect-the-u-s-from-jews-and-communists/,12
Trump signs proclamation restricting travel from 8 countries - The ...,https://www.washingtonpost.com/politics/federal_government/trump-travel-ban-expires-sunday-new-restrictions-expected/2017/09/24/461d949a-a0f7-11e7-b2a7-bc70b6f98089_story.html,13
"Citing London terrorist attack, Trump calls for expansion of his travel ban",https://www.washingtonpost.com/news/post-politics/wp/2017/09/15/citing-london-terrorist-attack-trump-calls-for-expansion-of-his-travel-ban/,14
Supreme Court allows limited version of Trump's travel ban to take ...,https://www.washingtonpost.com/politics/courts_law/supreme-court-allows-limited-version-of-trumps-travel-ban-to-take-effect-will-consider-case-in-fall/2017/06/26/97afa314-573e-11e7-b38e-35fd8e0c288f_story.html,15
Supreme Court issues mixed ruling on Trump's travel ban - The ...,https://www.washingtonpost.com/news/volokh-conspiracy/wp/2017/06/26/supreme-court-issues-mixed-ruling-on-trumps-travel-ban/,16
The eight countries in Trump's new travel ban - Washington Post,https://www.washingtonpost.com/graphics/2017/national/permanent-travel-ban/,-1
Trump's travel ban expires in less than two weeks. Here's what could ...,https://www.washingtonpost.com/world/national-security/trumps-travel-ban-expires-in-less-than-two-weeks-heres-what-could-happen-after-that/2017/09/13/5ffe6624-97eb-11e7-b569-3360011663b4_story.html,17
Trump's travel ban still doesn't make any sense - The Washington Post,https://www.washingtonpost.com/news/worldviews/wp/2017/06/27/trumps-travel-ban-still-doesnt-make-any-sense/,18
Who is affected by Trump's travel ban - Washington Post,https://www.washingtonpost.com/graphics/national/immigration-order-explainer/,-1
Trump's travel ban: What happens next? - The Washington Post,https://www.washingtonpost.com/news/post-nation/wp/2017/02/06/trumps-travel-ban-what-happens-next/,19
Trump turns to Supreme Court to move forward on travel ban - The ...,https://www.washingtonpost.com/politics/courts_law/trump-turns-to-supreme-court-to-move-forward-on-travel-ban/2017/06/01/f2be9456-46d9-11e7-bcde-624ad94170ab_story.html,20
Administration says Supreme Court should stop review of past travel ...,https://www.washingtonpost.com/politics/courts_law/administration-says-supreme-court-should-stop-review-of-past-travel-bans/2017/10/05/f5d07c68-a9e4-11e7-b3aa-c0e2e1d41e38_story.html,21
Don't despair over Trump's travel ban just yet - The Washington Post,https://www.washingtonpost.com/opinions/dont-despair-over-trumps-travel-ban-just-yet/2017/06/26/fc62ecfa-5ab1-11e7-9b7d-14576dc0f39d_story.html,22
Supreme Court allows Trump refugee ban but backs broader ...,https://www.washingtonpost.com/politics/courts_law/supreme-court-allows-trump-travel-ban-enforcement-but-says-it-must-allow-broader-exemptions-for-relatives/2017/07/19/6945e01e-6bf8-11e7-96ab-5f38140b38cc_story.html,23
Trump's travel ban is leaving these orphans stuck in refugee camps ...,https://www.washingtonpost.com/local/trumps-travel-ban-is-leaving-these-orphans-stuck-in-refugee-camps/2017/07/28/58195d24-6d52-11e7-8fb5-d101fa38cebd_story.html,24
Americans are more split on the Trump travel ban than you might think ...,https://www.washingtonpost.com/news/the-fix/wp/2017/02/13/americans-arent-rejecting-trumps-immigration-ban-outright-but-it-has-a-tough-road-ahead/,25
Federal appeals court rules 3 to 0 against Trump on travel ban - The ...,https://www.washingtonpost.com/world/national-security/federal-appeals-court-maintains-suspension-of-trumps-immigration-order/2017/02/09/e8526e70-ed47-11e6-9662-6eedf1627882_story.html,26
Trump's travel ban is causing chaos — and putting his unflinching ...,https://www.washingtonpost.com/news/the-fix/wp/2017/01/29/president-trumps-travel-ban-is-causing-chaos-dont-expect-him-to-back-down/,27
How Trump just completely undermined the legal argument for his ...,https://www.washingtonpost.com/news/the-fix/wp/2017/06/05/how-trump-just-completely-undermined-the-legal-argument-for-his-travel-ban-in-4-tweets/,28
The Supreme Court will hear Trump's travel ban case after part of it ...,https://www.washingtonpost.com/news/the-fix/wp/2017/06/06/trump-proposed-a-120-day-travel-ban-to-improve-vetting-its-been-129-days/,29
Trump's travel ban family requirements – who can visit - Washington ...,https://www.washingtonpost.com/graphics/2017/world/travel-ban-who-is-close-family/,-1
Trump's travel ban is useless. Terrorists mostly come from our own ...,https://www.washingtonpost.com/posteverything/wp/2017/06/05/trumps-travel-ban-is-useless-terrorists-mostly-come-from-our-own-back-yard/,30
Trump's big travel ban win? Let's not get carried away. - The ...,https://www.washingtonpost.com/news/the-fix/wp/2017/06/26/trumps-big-travel-ban-win-lets-not-get-carried-away/,31
Virginia judge sides with Trump administration on new travel ban - The ...,https://www.washingtonpost.com/local/public-safety/virginia-judge-gives-okay-to-new-trump-travel-ban/2017/03/24/a304be4c-0e60-11e7-ab07-07d9f521f6b5_story.html,32
Hawaii plans to sue to block new Trump travel ban - The Washington ...,https://www.washingtonpost.com/world/national-security/hawaii-plans-to-sue-to-block-new-trump-travel-ban/2017/03/07/ed589242-03a3-11e7-b9fa-ed727b644a0b_story.html,33
President Trump's lawyers on revised travel ban repeatedly asked ...,https://www.washingtonpost.com/local/public-safety/presidents-trump-revised-travel-ban-faces-new-legal-challenges/2017/05/08/c4c6f968-3387-11e7-b373-418f6849a004_story.html,34
How Trump's travel ban broke from the normal executive order process,https://www.washingtonpost.com/graphics/politics/trump-travel-ban-process/,-1
"Trump travel ban hurts U.S. tourism, with billions at stake - The ...",https://www.washingtonpost.com/business/capitalbusiness/after-trumps-travel-ban-tourism-outfits-say-that-brand-usa-has-taken-a-hit/2017/04/14/d0eebf4e-158e-11e7-833c-503e1f6394c9_story.html,35
DHS report casts doubt on need for Trump travel ban - The ...,https://www.washingtonpost.com/world/national-security/dhs-report-casts-doubt-on-need-for-trump-travel-ban/2017/02/24/2a9992e4-fadc-11e6-9845-576c69081518_story.html,36
Trump travel ban - The Washington Post,https://www.washingtonpost.com/world/national-security/nearly-2000-people-faced-additional-screening-after-first-trump-travel-ban-new-document-shows/2017/08/31/452ff062-8e61-11e7-8df5-c2e5cf46c1e2_story.html,37
Jihadist groups hail Trump's travel ban as a victory - The Washington ...,https://www.washingtonpost.com/world/national-security/jihadist-groups-hail-trumps-travel-ban-as-a-victory/2017/01/29/50908986-e66d-11e6-b82f-687d6e6a3e7c_story.html,38
"In Twitter barrage, Trump ramps up push for 'TRAVEL BAN!' even as ...",https://www.washingtonpost.com/powerpost/new-opposition-emerges-as-trump-pushes-for-travel-ban/2017/06/04/5914e7fa-4973-11e7-a186-60c031eab644_story.html,39
What's next for Trump travel ban 2.0 - The Washington Post,https://www.washingtonpost.com/news/post-nation/wp/2017/03/16/whats-next-for-trump-travel-ban-2-0/,40
Judge in Hawaii rules grandparents are exempt from Trump travel ban ...,https://www.washingtonpost.com/news/morning-mix/wp/2017/07/14/judge-in-hawaii-rules-grandparents-are-exempt-from-trump-travel-ban/,41
Trump's travel ban is having a spillover effect on European dual ...,https://www.washingtonpost.com/world/europe/trumps-travel-ban-is-having-a-spillover-effect-on-european-dual-nationals/2017/01/30/7bb501c2-e6f5-11e6-acf5-4589ba203144_story.html,42
"The number of people affected by Trump's travel ban: About 90,000 ...",https://www.washingtonpost.com/news/fact-checker/wp/2017/01/30/the-number-of-people-affected-by-trumps-travel-ban-about-90000/,43
Second federal judge blocks revised Trump travel ban - The ...,https://www.washingtonpost.com/local/social-issues/second-federal-judge-blocks-revised-trump-travel-ban/2017/03/16/dc47cd1e-0a2a-11e7-93dc-00f9bdd74ed1_story.html,44
"Former top diplomats, tech giants blast immigration order as court ...",https://www.washingtonpost.com/politics/trump-administration-appeals-to-restore-travel-ban-says-earlier-ruling-was-second-guessing-the-president/2017/02/05/6fcdbb5a-eb4c-11e6-80c2-30e57e57e05d_story.html,45
Trump's new travel ban requires you to prove a close relationship ...,https://www.washingtonpost.com/news/post-politics/wp/2017/06/29/trumps-new-travel-ban-requires-you-to-prove-a-close-relationship-grandpas-didnt-make-the-cut/,46
Analysis | Don't count on the Supreme Court to stop Trump's travel ban,https://www.washingtonpost.com/news/made-by-history/wp/2017/07/05/dont-count-on-the-supreme-court-to-stop-trumps-travel-ban/,47
Trump's travel ban may backfire — and hinder U.S. policy - The ...,https://www.washingtonpost.com/news/monkey-cage/wp/2017/02/09/trumps-travel-ban-may-backfire-and-hinder-u-s-policy/,48
"With stay of Trump travel ban, immigrants scramble to get back to U.S. ...",https://www.washingtonpost.com/national/with-trump-travel-ban-stay-immigrants-scramble-to-get-back-to-us/2017/02/05/3806cea6-ebb4-11e6-b4ff-ac2cf509efe5_story.html,49
Trump says it's a travel 'ban.' His staff insisted it wasn't. - The ...,https://www.washingtonpost.com/news/the-fix/wp/2017/06/05/trump-says-its-a-travel-ban-his-staff-insisted-it-wasnt/,50
What's next for Trump's travel ban and vetting procedures - The ...,https://www.washingtonpost.com/world/national-security/whats-next-for-trumps-travel-ban-and-vetting-procedures/2017/06/27/e97aa93e-5b65-11e7-9fc6-c7ef4bc58d13_story.html,51
Angry Republicans lash out at Trump for not consulting them on travel ...,https://www.washingtonpost.com/powerpost/angry-republicans-lash-out-at-trump-for-not-consulting-them-on-travel-ban/2017/01/30/3f7db742-e715-11e6-80c2-30e57e57e05d_story.html,52
Trump's revised travel ban is still cruel and still unconstitutional - The ...,https://www.washingtonpost.com/news/volokh-conspiracy/wp/2017/03/06/trumps-revised-travel-ban-is-still-cruel-and-still-unconstitutional/,53
Federal judge in Virginia issues strong rebuke of Trump travel ban ...,https://www.washingtonpost.com/local/public-safety/judge-in-virginia-grants-preliminary-injunction-against-travel-ban/2017/02/13/a6164bfe-f255-11e6-a9b0-ecee7ce475fc_story.html,54
Trump said dangerous people might be pouring in without his travel ...,https://www.washingtonpost.com/news/post-nation/wp/2017/03/23/trump-said-dangerous-people-might-be-pouring-in-without-his-travel-ban-but-hes-not-rushing-to-restore-it/,55
Hearing on Trump travel ban: Updates from the federal appeals court ...,http://www.washingtonpost.com/politics/2017/live-updates/trump-white-house/hearing-on-trump-travel-ban-updates-from-the-federal-appeals-court/,-1
Trump's latest tweets will probably hurt effort to restore travel ban - The ...,https://www.washingtonpost.com/world/national-security/trumps-latest-tweets-could-hurt-effort-to-restore-travel-ban/2017/06/05/c8eb5940-49e8-11e7-bc1b-fddbd8359dee_story.html,56
"Almost no North Koreans travel to the U.S., so why ban them? - The ...",https://www.washingtonpost.com/world/almost-no-north-koreans-travel-to-the-us-so-why-ban-them/2017/09/25/822ac340-a19c-11e7-8c37-e1d99ad6aa22_story.html,57
Trump's travel ban isn't about making America safe. It's about kicking ...,https://www.washingtonpost.com/opinions/trumps-travel-ban-prioritizes-cruelty-over-safety/2017/01/30/4afe1848-e718-11e6-bf6f-301b6b443624_story.html,58
Trump's new travel ban is as arbitrary and senseless as the first - The ...,https://www.washingtonpost.com/opinions/trumps-new-travel-ban-is-as-arbitrary-and-senseless-as-the-first/2017/03/06/9480c860-ff84-11e6-8f41-ea6ed597e4ca_story.html,59
Tale of an Iraqi woman dying because of Trump travel ban unravels ...,https://www.washingtonpost.com/news/post-nation/wp/2017/02/01/tale-of-an-iraqi-woman-dying-because-of-trump-travel-ban-unravels/,60
"Latest travel ban will probably affect tens of thousands, and it could ...",https://www.washingtonpost.com/world/national-security/latest-travel-ban-will-probably-affect-tens-of-thousands-and-it-could-short-circuit-the-court-battle/2017/09/25/d0e2aee0-a209-11e7-ade1-76d061d56efa_story.html,61
Trump argues for revised travel ban by citing attacks carried out by ...,https://www.washingtonpost.com/news/post-nation/wp/2017/03/01/trump-argues-for-revised-travel-ban-by-citing-attacks-carried-out-by-u-s-citizens/,62
Trump's travel ban is a gift to Iran's rulers - The Washington Post,https://www.washingtonpost.com/opinions/trumps-travel-ban-is-a-gift-to-irans-rulers/2017/01/29/a85b7d7c-e642-11e6-b82f-687d6e6a3e7c_story.html,63
The Supreme Court splits the baby on Trump's travel ban — for now ...,https://www.washingtonpost.com/opinions/the-supreme-court-splits-the-baby-on-trumps-travel-ban--for-now/2017/06/26/b95a7100-5a9b-11e7-a9f6-7c3296387341_story.html,64
Trump's travel ban shows staggering incompetence - The Washington ...,https://www.washingtonpost.com/blogs/right-turn/wp/2017/01/30/trumps-travel-ban-shows-staggering-incompetence/,65
'Deeply concerned': Corporate America responds to Trump's travel ban,https://www.washingtonpost.com/news/on-leadership/wp/2017/01/30/deeply-concerned-corporate-america-responds-to-trumps-travel-ban/,66
"Travel ban ruling: In court as on Twitter, Trump confronts evidence gap ...",https://www.washingtonpost.com/news/morning-mix/wp/2017/02/10/travel-ban-ruling-in-court-as-on-twitter-trump-confronts-problem-of-no-evidence-for-claims/,67
7 things Trump and his advisers have said about the travel ban that ...,https://www.washingtonpost.com/news/post-nation/wp/2017/03/16/7-things-trump-and-his-advisers-have-said-about-the-travel-ban-that-wound-up-hurting-them-in-court/,68
Judges shouldn't ignore what we all know Trump's travel ban is really ...,https://www.washingtonpost.com/opinions/judges-shouldnt-ignore-what-we-all-know-trumps-travel-ban-is-really-about/2017/03/22/4ad23ce2-0f21-11e7-ab07-07d9f521f6b5_story.html,69
Trump's loose talk about Muslims gets weaponized in court against ...,https://www.washingtonpost.com/news/morning-mix/wp/2017/02/07/words-matter-trumps-loose-talk-about-muslims-gets-weaponized-in-court-against-travel-ban/,70
The evidence backing Trump's travel ban simply isn't there - The ...,https://www.washingtonpost.com/opinions/the-evidence-for-trumps-travel-ban-simply-isnt-there/2017/02/27/90e228ac-fd36-11e6-8f41-ea6ed597e4ca_story.html,71
Trump administration's latest rationale for travel ban: National security ...,https://www.washingtonpost.com/news/post-nation/wp/2017/03/15/trump-administrations-latest-rationale-for-travel-ban-national-security-officials-asked-for-it/,72
4 claims the Trump White House made about its travel ban that now ...,https://www.washingtonpost.com/news/the-fix/wp/2017/03/06/3-claims-trump-made-about-his-travel-ban-that-dont-hold-up-at-all/,73
Trump just signed his new travel ban. Here's what it's really about ...,https://www.washingtonpost.com/blogs/plum-line/wp/2017/03/06/trump-just-signed-his-new-travel-ban-heres-what-its-really-about/,74
How Trump's travel ban could hurt science - The Washington Post,https://www.washingtonpost.com/news/speaking-of-science/wp/2017/01/29/how-trumps-travel-ban-could-hurt-science/,75
The Trump team bizarrely quibbles with calling its travel ban a 'ban ...,https://www.washingtonpost.com/news/the-fix/wp/2017/01/31/trumps-team-is-mad-people-are-calling-the-travel-ban-a-ban-even-though-they-also-called-it-a-ban/,76
"Worried about Trump's travel ban, Canada's largest school district ...",https://www.washingtonpost.com/news/morning-mix/wp/2017/03/24/worried-about-trumps-travel-ban-canadas-largest-school-district-calls-off-u-s-trips/,77
Trump's travel ban is the controversial policy almost nobody was ...,https://www.washingtonpost.com/news/the-fix/wp/2017/02/08/why-trumps-travel-ban-is-struggling-people-were-never-begging-for-it-in-the-first-place/,78
A scholar of stereotypes is trapped by Trump's travel ban - The ...,https://www.washingtonpost.com/news/speaking-of-science/wp/2017/02/01/a-scholar-of-stereotypes-is-trapped-by-trumps-travel-ban/,79
Internal Trump administration data undercuts travel ban - The ...,https://www.washingtonpost.com/world/national-security/internal-trump-administration-data-undercuts-travel-ban/2017/03/16/9a2dc6b4-098e-11e7-93dc-00f9bdd74ed1_story.html,80
Gorsuch runs end around Trump travel ban - The Washington Post,http://www.washingtonpost.com/politics/2017/live-updates/trump-white-house/neil-gorsuch-confirmation-hearings-updates-and-analysis-on-the-supreme-court-nominee/gorsuch-runs-end-around-trump-travel-ban/,-1
Supreme Court partially restores Trump travel ban that wouldn't have ...,https://www.washingtonpost.com/news/post-nation/wp/2017/06/26/supreme-court-partially-restores-trump-travel-ban-which-wouldnt-have-kept-out-anyone-behind-deadly-terrorist-attacks/,81
Trump's revised travel ban faces legal challenges in courtrooms on ...,https://www.washingtonpost.com/local/public-safety/trumps-revised-travel-ban-faces-legal-challenges-in-courtrooms-on-both-coasts/2017/05/07/2c8a64e4-2f65-11e7-9534-00e4656c22aa_story.html,82
Federal appeals court maintains freeze of Trump's travel ban. Attorney ...,https://www.washingtonpost.com/local/public-safety/federal-appeals-court-largely-maintains-freeze-of-trumps-travel-ban/2017/05/25/395aa394-365b-11e7-b4ee-434b6d506b37_story.html,83
"Travel ban lawsuits filed by legal center, Muslim advocates - The ...",https://www.washingtonpost.com/local/muslim-advocates-legal-org-file-suits-over-travel-ban/2017/10/02/55899010-a7ea-11e7-9a98-07140d2eed02_story.html,84
Trump's travel ban on 'bad dudes' actually keeps out women and ...,https://www.washingtonpost.com/news/wonk/wp/2017/01/30/president-trump-wanted-to-ban-bad-dudes-he-could-block-more-women-and-children/,85
The travel-ban casualty the White House is ignoring - The Washington ...,https://www.washingtonpost.com/opinions/trumps-travel-ban-is-a-threat-to-science/2017/03/10/b1b25158-0504-11e7-b1e9-a05d3c21f7cf_story.html,86
The potential silver lining in Trump's travel ban - The Washington Post,https://www.washingtonpost.com/opinions/the-potential-silver-lining-in-trumps-travel-ban/2017/07/05/fe913a54-61a0-11e7-84a1-a26b75ad39fe_story.html,87
The 9th Circuit makes the right call on Trump's travel ban - The ...,https://www.washingtonpost.com/opinions/the-9th-circuit-makes-the-right-call-on-trumps-travel-ban/2017/02/10/22ca40e4-efbb-11e6-9662-6eedf1627882_story.html,88
"Pentagon, caught by surprise by Trump's travel ban, pushes for some ...",https://www.washingtonpost.com/news/checkpoint/wp/2017/01/30/pentagon-begins-compiling-list-of-iraqis-who-could-get-special-consideration-under-trumps-travel-ban/,89
Opinion | Why Trump's travel ban is so harmful to the tech economy,https://www.washingtonpost.com/news/innovations/wp/2017/01/30/why-trumps-travel-ban-is-so-harmful-to-the-tech-economy/,90
Judge in Maryland will weigh Trump travel ban the day before it takes ...,https://www.washingtonpost.com/local/public-safety/judge-in-maryland-will-weigh-trump-travel-ban-the-day-before-it-takes-effect/2017/03/10/dd175406-05cc-11e7-b1e9-a05d3c21f7cf_story.html,91
Travel ban takes effect as State Department defines 'close family' - The ...,https://www.washingtonpost.com/world/national-security/travel-ban-to-take-effect-as-state-department-defines-close-family/2017/06/29/03eb8a8e-eba6-4749-9fa2-79117be89884_story.html,92
Here's the truth of the timing on Trump's travel ban - The Washington ...,https://www.washingtonpost.com/news/the-fix/wp/2017/03/03/heres-the-truth-of-the-timing-on-trumps-travel-ban/,93
Mormon history scholars file brief against Trump travel ban,https://www.washingtonpost.com/news/morning-mix/wp/2017/04/27/we-have-to-take-a-stand-mormon-history-scholars-file-brief-against-trump-travel-ban/,94
Federal judge declines to immediately apply freeze of first Trump ...,https://www.washingtonpost.com/news/post-nation/wp/2017/03/10/federal-judge-declines-to-immediately-apply-freeze-of-first-trump-travel-ban-to-new-order/,95
Trump's new travel ban still wouldn't have kept out anyone behind ...,https://www.washingtonpost.com/news/post-nation/wp/2017/03/06/trumps-new-travel-ban-still-wont-keep-out-anyone-from-countries-responsible-for-deadly-terror-attacks-in-the-u-s/,96
Senate Democrats vow legislation to block Trump's travel ban - The ...,https://www.washingtonpost.com/news/powerpost/wp/2017/01/29/senate-democrats-vow-legislation-to-block-trumps-travel-ban/,97
Whip Count: Here's where Republicans stand on Trump's ...,https://www.washingtonpost.com/news/the-fix/wp/2017/01/29/heres-where-republicans-stand-on-president-trumps-controversial-travel-ban/,98
Trump travel ban ruling raises the stakes in the Supreme Court battle ...,https://www.washingtonpost.com/opinions/trump-travel-ban-ruling-raises-the-stakes-in-the-supreme-court-battle/2017/02/13/78273528-f205-11e6-b9c9-e83fce42fb61_story.html,99
Supreme Court rejects enforcement of Trump travel ban against ...,https://www.washingtonpost.com/news/volokh-conspiracy/wp/2017/07/19/supreme-court-rejects-enforcement-of-trump-travel-ban-against-grandparents-and-other-close-relatives-of-us-residents-sends-refugee-issue-back-to-lower-court/,100
Trump says his travel ban will make America safer. Our research ...,https://www.washingtonpost.com/news/wonk/wp/2017/01/30/trump-says-his-travel-ban-will-make-america-safer-our-research-shows-it-will-do-the-exact-opposite/,101
Trump administration tries to circumvent Supreme Court travel ban ...,https://www.washingtonpost.com/news/volokh-conspiracy/wp/2017/06/30/trump-administration-tries-to-circumvent-supreme-court-travel-ban-ruling/,102
States challenge Trump's revised travel ban in court - The Washington ...,https://www.washingtonpost.com/news/volokh-conspiracy/wp/2017/03/10/states-challenge-trumps-revised-travel-ban-in-court/,103
'Tough' but 'tailored' entry restrictions await Trump's approval - The ...,https://www.washingtonpost.com/world/national-security/tough-but-tailored-travel-restrictions-await-trumps-approval/2017/09/22/6ace7ad2-9fb4-11e7-9083-fbfddf6804c2_story.html,104
Trump's new travel ban raises the same Silicon Valley objections - The ...,https://www.washingtonpost.com/news/the-switch/wp/2017/03/06/trumps-new-travel-ban-raises-the-same-silicon-valley-objections/,105
"Grandparents, other extended relatives exempt from Trump travel ban ...",https://www.washingtonpost.com/world/national-security/grandparents-other-extended-relatives-exempt-from-trump-travel-ban-federal-judge-rules/2017/07/14/ce67aa72-6888-11e7-8eb5-cbccc2e7bfbf_story.html,106
Trump administration files notice it will appeal ruling against second ...,https://www.washingtonpost.com/world/national-security/trump-administration-files-notice-it-will-appeal-ruling-against-second-version-of-travel-ban/2017/03/17/6fe4b33a-0b1f-11e7-b77c-0047d15a24e0_story.html,107
Revised executive order bans travelers from six Muslim-majority ...,https://www.washingtonpost.com/world/national-security/new-executive-order-bans-travelers-from-six-muslim-majority-countries-applying-for-visas/2017/03/06/3012a42a-0277-11e7-ad5b-d22680e18d10_story.html,108
A new poll shows a surprisingly big public swing against Trump's ...,https://www.washingtonpost.com/blogs/plum-line/wp/2017/02/07/a-new-poll-shows-a-surprisingly-big-public-swing-against-trumps-muslim-ban/,109
Mr. Trump's travel ban is offensive and imprudent. But is it really ...,https://www.washingtonpost.com/opinions/mr-trumps-travel-ban-is-offensive-and-imprudent-but-is-it-really-unconstitutional/2017/05/28/901947d0-41aa-11e7-8c25-44d09ff5a4a8_story.html,110
Lawyers alone can't save us from Trump. The Supreme Court just ...,https://www.washingtonpost.com/news/posteverything/wp/2017/06/27/the-supreme-courts-travel-ban-order-shows-that-lawyers-cant-save-us-from-trump/,111
Thoughts on the appellate court decision against Trump's revised ...,https://www.washingtonpost.com/news/volokh-conspiracy/wp/2017/05/25/appellate-court-upholds-injunction-against-trumps-revised-travel-ban/,112
Supreme Court allows broad enforcement of travel ban — at least for a ...,https://www.washingtonpost.com/world/national-security/justice-dept-again-asks-supreme-court-to-allow-broad-enforcement-of-travel-ban/2017/09/11/6c3853ae-970b-11e7-87fc-c3f7ee4035c9_story.html,113
How Trump's travel ban uses Muslim women as pawns - The ...,https://www.washingtonpost.com/news/global-opinions/wp/2017/03/16/how-trumps-travel-ban-uses-muslim-women-as-pawns/,114
What the Supreme Court's travel ban ruling means - The Washington ...,https://www.washingtonpost.com/world/national-security/what-the-supreme-courts-travel-ban-ruling-means/2017/06/26/5e86e1cc-5a7e-11e7-9fc6-c7ef4bc58d13_story.html,115
Two federal courts rule against Trump's revised travel ban - The ...,https://www.washingtonpost.com/news/volokh-conspiracy/wp/2017/03/16/two-federal-courts-rule-against-trumps-revised-travel-ban/,116
Maryland plans to join lawsuit against Trump's travel ban - The ...,https://www.washingtonpost.com/local/md-politics/maryland-plans-to-join-lawsuit-against-trumps-travel-ban/2017/03/10/becb97a2-05d4-11e7-b1e9-a05d3c21f7cf_story.html,117
Ninth Circuit upholds injunction against Trump's revised travel ban ...,https://www.washingtonpost.com/news/volokh-conspiracy/wp/2017/06/12/ninth-circuit-upholds-injunction-against-trumps-revised-travel-ban/,118
Federal judge in Hawaii freezes President Trump's new entry ban ...,https://www.washingtonpost.com/local/social-issues/lawyers-face-off-on-trump-travel-ban-in-md-court-wednesday-morning/2017/03/14/b2d24636-090c-11e7-93dc-00f9bdd74ed1_story.html,119
"George W. Bush critiques Trump on travel ban, free press - The ...",https://www.washingtonpost.com/news/post-politics/wp/2017/02/27/george-w-bush-critiques-trump-on-travel-ban-free-press/,120
"After four years and Trump's travel ban, a child meets her family - The ...",https://www.washingtonpost.com/news/post-nation/wp/2017/02/03/after-four-years-and-trumps-travel-ban-a-child-meets-her-family/,121
Trump's First 100 Days: White House adviser defends travel ban — but ...,https://www.washingtonpost.com/news/powerpost/wp/2017/02/12/trumps-first-100-days-white-house-adviser-defends-travel-ban-but-not-flynn/,122
Trump's half-baked travel ban is a picture of American shame - The ...,https://www.washingtonpost.com/opinions/trumps-half-baked-travel-ban-is-a-picture-of-american-shame/2017/01/30/1a0cd234-e6f4-11e6-bf6f-301b6b443624_story.html,123
White House receives DHS report that will shape travel ban's future ...,https://www.washingtonpost.com/world/national-security/white-house-receives-dhs-report-that-will-shape-travel-bans-future/2017/09/19/47cc3d76-9d57-11e7-8ea1-ed975285475e_story.html,124
Federal appeals court upholds freeze on Trump's travel ban - The ...,https://www.washingtonpost.com/world/national-security/federal-appeals-court-upholds-freeze-on-trumps-travel-ban/2017/06/12/035893c4-4f91-11e7-be25-3a519335381c_story.html,125
Nearly 600 colleges object to Trump's travel ban - The Washington Post,https://www.washingtonpost.com/news/grade-point/wp/2017/02/03/nearly-600-colleges-object-to-trumps-travel-ban/,126
Why Hawaii says Trump's new travel ban is still unconstitutional - The ...,https://www.washingtonpost.com/world/national-security/why-hawaii-says-trumps-new-travel-ban-is-still-unconstitutional/2017/03/08/3419306e-040e-11e7-b9fa-ed727b644a0b_story.html,127
Republicans tight-lipped on court decision against Trump's travel ban ...,https://www.washingtonpost.com/powerpost/2017/02/10/561a1520-efb4-11e6-9662-6eedf1627882_story.html,128
4 ways the Trump administration could fight for its travel ban - The ...,https://www.washingtonpost.com/news/post-nation/wp/2017/02/13/4-ways-the-trump-administration-could-fight-for-its-travel-ban/,129
Countries where Trump does business are not hit by new travel ...,https://www.washingtonpost.com/politics/countries-where-trump-does-business-are-not-hit-by-new-travel-restrictions/2017/01/28/dd40535a-e56b-11e6-a453-19ec4b3d09ba_story.html,130
Universities overwhelmingly objected to the Trump travel ban. Here ...,https://www.washingtonpost.com/news/monkey-cage/wp/2017/02/20/universities-overwhelmingly-objected-to-the-trump-travel-ban-here-are-the-values-they-emphasized/,131
Trump lashes out at 'so-called judge' who temporarily blocked travel ban,https://www.washingtonpost.com/news/the-fix/wp/2017/02/04/trump-lashes-out-at-federal-judge-who-temporarily-blocked-travel-ban/,132
"Trump travel ban, other pressures lead Pakistan to rein in Islamist ...",https://www.washingtonpost.com/world/asia_pacific/trump-travel-ban-other-pressures-lead-pakistan-to-rein-in-islamist-militants/2017/02/03/fb6706ea-ea01-11e6-903d-9b11ed7d8d2a_story.html,133
Is Trump's travel ban unconstitutional? - The Washington Post,https://www.washingtonpost.com/opinions/is-trumps-travel-ban-unconstitutional/2017/06/01/a255efb6-463c-11e7-8de1-cec59a9bf4b1_story.html,134
"After a ruling on Trump's travel ban, all eyes are on the 4th Circuit ...",https://www.washingtonpost.com/opinions/after-a-ruling-on-trumps-travel-ban-all-eyes-are-on-the-4th-circuit/2017/06/02/b7a555f2-4545-11e7-bcde-624ad94170ab_story.html,135
Trump's travel ban threatens U.S. partnership with Iraq against Islamic ...,https://www.washingtonpost.com/world/outside-us-borders-travel-ban-upends-lives-and-stokes-worry-of-militant-surge/2017/01/30/99b6e666-e666-11e6-903d-9b11ed7d8d2a_story.html,136
Judge rejects Hawaii bid to exempt grandparents from Trump's travel ...,https://www.washingtonpost.com/world/national-security/judge-rejects-hawaii-bid-to-exempt-grandparents-from-trumps-travel-ban/2017/07/06/8e3a3252-625d-11e7-8adc-fea80e32bf47_story.html,137
"Nations condemn Trump's travel ban, as the fallout infects people's lives",https://www.washingtonpost.com/world/nations-condemn-trumps-travel-ban-as-the-fallout-infects-peoples-lives/2017/01/29/0c7b70e8-e5ab-11e6-a419-eefe8eff0835_story.html,138
Trump administration attempts to clarify exceptions to travel ban - The ...,https://www.washingtonpost.com/news/post-nation/wp/2017/02/03/trump-administration-attempts-to-clarify-exceptions-to-travel-ban/,139
"Trump travel ban cost airline industry $185M in bookings, report says ...",https://www.washingtonpost.com/news/dr-gridlock/wp/2017/02/09/trump-travel-ban-cost-airline-industry-168m-in-bookings-report-says/,140
"New travel ban will exempt current visa holders, sources say - The ...",https://www.washingtonpost.com/world/national-security/new-travel-ban-will-exempt-current-visa-holders/2017/02/28/42ac1f3a-fe03-11e6-99b4-9e613afeb09f_story.html,141
Why did the new travel ban add Chad? No one seems quite sure ...,https://www.washingtonpost.com/news/worldviews/wp/2017/09/25/why-did-the-u-s-travel-ban-add-counterterrorism-partner-chad-no-one-seems-quite-sure/,142
Tech industry opposition to Trump travel ban escalates - The ...,https://www.washingtonpost.com/business/economy/tech-industry-opposition-to-trump-travel-ban-escalates/2017/02/02/4b719dac-e986-11e6-bf6f-301b6b443624_story.html,143
"Revised Trump immigration order, delayed after speech, will not ban ...",https://www.washingtonpost.com/world/national-security/after-saying-dangerous-people-may-be-pouring-into-our-country-trump-has-repeatedly-put-off-inking-new-travel-ban/2017/03/01/6f3ca47e-fe86-11e6-8f41-ea6ed597e4ca_story.html,144
How Trump's travel ban would hurt the people who voted for him - The ...,https://www.washingtonpost.com/news/wonk/wp/2017/03/20/how-trumps-travel-ban-would-hurt-the-people-who-voted-for-him/,145
What Trump's travel ban ignores: Radicalized U.S. citizens pose the ...,https://www.washingtonpost.com/opinions/what-trumps-travel-ban-ignores-radicalized-us-citizens-pose-the-greatest-threat/2017/02/27/4f928eb4-fc91-11e6-8ebe-6e0dbe4f2bca_story.html,146
Gregg Popovich and Steve Kerr sharply criticize Trump's travel ban ...,https://www.washingtonpost.com/news/early-lead/wp/2017/01/30/gregg-popovich-and-steve-kerr-sharply-criticize-trumps-travel-ban/,147
New Trump entry ban expected to be unveiled on Monday - The ...,https://www.washingtonpost.com/news/post-politics/wp/2017/03/04/new-trump-travel-ban-expected-to-be-unveiled-on-monday/,148
Some of the U.S.'s most important Catholic leaders are condemning ...,https://www.washingtonpost.com/news/acts-of-faith/wp/2017/01/30/some-of-the-u-s-s-most-important-catholic-leaders-are-condemning-trumps-travel-ban/,149
Federal judge: Courts 'begging' for evidence to support Trump's travel ...,https://www.washingtonpost.com/local/public-safety/federal-judge-in-virginia-presses-for-evidence-to-support-need-for-trump-travel-ban/2017/02/10/e99202e2-ef17-11e6-9662-6eedf1627882_story.html,150
Trump's claim that Obama first 'identified' the 7 countries in his travel ...,https://www.washingtonpost.com/news/fact-checker/wp/2017/02/07/trumps-claim-that-obama-first-identified-the-seven-countries-in-his-travel-ban/,151
Trump and his aides keep justifying the entry ban by citing attacks it ...,https://www.washingtonpost.com/news/post-nation/wp/2017/01/30/the-trump-white-house-keeps-justifying-the-entry-ban-by-citing-attacks-it-couldnt-have-prevented/,152
"Supreme Court agrees with Trump administration, says some refugees ...",https://www.washingtonpost.com/politics/courts_law/supreme-court-agrees-with-trump-administration-says-some-refugees-can-be-barred-for-now/2017/09/12/f38d5884-97ee-11e7-82e4-f1076f6d6152_story.html,153
"Apple, Facebook, many other tech firms call travel ban 'unlawful' in ...",https://www.washingtonpost.com/news/the-switch/wp/2017/02/05/uber-twitter-netflix-and-other-tech-giants-to-call-travel-ban-unlawful-in-rare-coordinated-legal-action/,154
Trump's new travel ban: Third time the charm? - The Washington Post,https://www.washingtonpost.com/politics/federal_government/trump-travel-ban-expires-sunday-new-restrictions-expected/2017/09/24/bcef62fc-a187-11e7-b573-8ec86cdfe1ed_story.html,155
Washington state asks judge to declare that freeze of first Trump travel ...,https://www.washingtonpost.com/world/national-security/washington-state-will-ask-judge-to-declare-that-freeze-of-first-trump-travel-ban-applies-to-new-order/2017/03/09/c64d54f0-04fa-11e7-ad5b-d22680e18d10_story.html,156
Opponents of Trump's travel ban must be tired of winning - The ...,https://www.washingtonpost.com/blogs/right-turn/wp/2017/06/12/opponents-of-trumps-travel-ban-must-be-tired-of-winning/,157
Is Trump's travel ban moral? Legal? Both? Neither? - The Washington ...,https://www.washingtonpost.com/opinions/is-trumps-travel-ban-moral-legal-both-neither/2017/01/31/f5862444-e732-11e6-903d-9b11ed7d8d2a_story.html,158
Former CIA chief: Trump's travel ban hurts American spies — and ...,https://www.washingtonpost.com/opinions/former-cia-chief-trumps-travel-ban-hurts-american-spies--and-america/2017/02/05/a5acce36-ebd9-11e6-9973-c5efb7ccfb0d_story.html,159
Judges in travel ban appeal press lawyers about Trump's comments ...,https://www.washingtonpost.com/world/national-security/judges-in-travel-ban-appeal-press-justice-department-lawyer-about-trumps-comments/2017/05/15/1277fe58-3975-11e7-8854-21f359183e8c_story.html,160
Justice Department files appeal notice in Hawaii case on revised ...,https://www.washingtonpost.com/news/post-nation/wp/2017/03/30/justice-department-files-appeal-notice-in-hawaii-case-on-revised-trump-travel-ban/,161
Trump proves his travel ban is a farce - The Washington Post,https://www.washingtonpost.com/blogs/right-turn/wp/2017/03/01/trump-proves-his-travel-ban-is-a-farce/,162
Big pharma depends on immigrants. It kept quiet about Trump's travel ...,https://www.washingtonpost.com/news/wonk/wp/2017/02/01/big-pharma-depends-on-immigrants-it-kept-quiet-about-the-travel-ban/,163
Trump's new entry ban to be challenged in courts hours before it takes ...,https://www.washingtonpost.com/local/social-issues/lawyers-challenging-trumps-new-travel-ban-hope-for-court-action-by-wednesday/2017/03/14/2e8be98a-08c2-11e7-b77c-0047d15a24e0_story.html,164
"Trump: I'll take 'common sense' travel ban to the Supreme Court, if ...",https://www.washingtonpost.com/news/post-politics/wp/2017/02/07/trump-ill-take-common-sense-travel-ban-to-the-supreme-court-if-necessary/,165
"Trump's travel ban could make Rex Tillerson's potential job harder, a ...",https://www.washingtonpost.com/news/powerpost/wp/2017/01/29/trumps-travel-ban-could-make-rex-tillersons-job-harder-a-former-defense-secretary-says/,166
Trump's administration says the travel ban isn't like Japanese ...,https://www.washingtonpost.com/posteverything/wp/2017/05/16/trumps-administration-says-the-travel-ban-isnt-like-japanese-internment-it-is/,167
Trump's travel ban unlikely to affect North Korea - The Washington Post,https://www.washingtonpost.com/world/asia_pacific/travel-rules-mostly-symbolic-most-nkoreans-in-us-are-envoys/2017/09/25/a4182a72-a1b7-11e7-b573-8ec86cdfe1ed_story.html,168
Iranians celebrate Oscar-winning film with sarcastic thanks to Trump's ...,https://www.washingtonpost.com/news/worldviews/wp/2017/02/27/iranians-celebrate-oscar-winning-film-with-sarcastic-thanks-to-trumps-travel-ban/,169
The full text of the Trump administration's new travel ban executive order,https://www.washingtonpost.com/news/post-politics/wp/2017/03/06/the-full-text-of-the-trump-administrations-new-travel-ban-executive-order/,170
The travel ban going into effect would have saved zero lives from ...,https://www.washingtonpost.com/news/politics/wp/2017/06/29/the-travel-ban-going-into-effect-would-have-saved-zero-lives-from-terrorist-attacks-in-the-last-20-years/,171
Federal judge issues strange ruling denying Hawaii's challenge to ...,https://www.washingtonpost.com/news/volokh-conspiracy/wp/2017/07/07/federal-judge-issues-strange-ruling-denying-hawaiis-challenge-to-administrations-implementation-of-trumps-travel-ban-executive-order/,172
Groups fighting travel ban see an equal threat in Trump's proposed ...,https://www.washingtonpost.com/local/social-issues/groups-fighting-travel-ban-see-an-equal-threat-in-trumps-proposed-budget/2017/03/16/6339d3d2-0a7e-11e7-a15f-a58d4a988474_story.html,173
11/9 Coalition statement on Trump's original travel ban - The ...,https://www.washingtonpost.com/news/volokh-conspiracy/wp/2017/02/22/119-coalition-statement-on-trumps-original-travel-ban/,174
'Not what he died for': Pat Tillman's widow dismayed by Trump's travel ...,https://www.washingtonpost.com/news/early-lead/wp/2017/01/29/not-what-he-died-for-pat-tillmans-widow-dismayed-by-trumps-immigrant-ban/,175
So what if Trump's travel ban order might be constitutional if another ...,https://www.washingtonpost.com/news/volokh-conspiracy/wp/2017/06/02/so-what-if-trumps-travel-ban-might-be-constitutional-if-another-president-did-it/,176
I'm a rabbi who was arrested protesting Trump's travel ban. It was a ...,https://www.washingtonpost.com/posteverything/wp/2017/02/09/im-a-rabbi-who-was-arrested-protesting-trumps-travel-ban-it-was-a-holy-act/,177
Federal appeals court decides to schedule a hearing on Trump travel ...,https://www.washingtonpost.com/world/national-security/opposition-to-trump-travel-ban-grows-as-key-court-decision-looms/2017/02/06/d766ec7c-ec74-11e6-9662-6eedf1627882_story.html,178
Federal judge rules against Trump administration's implementation of ...,https://www.washingtonpost.com/news/volokh-conspiracy/wp/2017/07/14/federal-judge-rules-against-trump-administrations-implementation-of-supreme-court-travel-ban-ruling/,179
Will backlash to Trump's travel ban paralyze the executive branch ...,https://www.washingtonpost.com/blogs/right-turn/wp/2017/01/31/will-backlash-to-trumps-travel-ban-paralyze-the-executive-branch/,180
Trump travel ban expires Sunday; new ban may vary by country - The ...,https://www.washingtonpost.com/politics/federal_government/trump-weighs-new-travel-restrictions-as-ban-nears-expiration/2017/09/22/f2585742-9ff6-11e7-b2a7-bc70b6f98089_story.html,181
'Apple would not exist without immigration': Companies at Trump's ...,https://www.washingtonpost.com/news/wonk/wp/2017/01/29/apple-would-not-exist-without-immigration-companies-at-trumps-tech-summit-react-to-his-travel-ban/,182
Leading Republican senators criticize Trump's refugee and travel ban ...,https://www.washingtonpost.com/news/powerpost/wp/2017/01/29/leading-republican-senators-criticize-trumps-refugee-and-travel-ban-48-hours-later/,183
Mass. college creates 'refugee scholarship' for a student affected by ...,https://www.washingtonpost.com/news/answer-sheet/wp/2017/02/02/mass-college-creates-refugee-scholarship-for-a-student-affected-by-trumps-travel-ban/,184
Here's why airlines were scrambling after Trump's travel ban - The ...,https://www.washingtonpost.com/news/dr-gridlock/wp/2017/02/01/heres-why-airlines-were-scrambling-after-trumps-travel-ban/,185
The role an old case about ritual goat sacrifices played in blocking ...,https://www.washingtonpost.com/news/post-nation/wp/2017/02/12/the-role-an-old-florida-case-on-ritual-goat-sacrifices-played-in-blocking-trumps-travel-ban/,186
Artists are using the power of comics to battle Trump's travel ban - The ...,https://www.washingtonpost.com/news/comic-riffs/wp/2017/01/30/artists-are-using-the-power-of-comics-to-battle-trumps-travel-ban/,187
"Justice Dept. lawyer says 100,000 visas revoked under travel ban ...",https://www.washingtonpost.com/local/public-safety/government-reveals-over-100000-visas-revoked-due-to-travel-ban/2017/02/03/7d529eec-ea2c-11e6-b82f-687d6e6a3e7c_story.html,188
Protesters call supporters of Trump's travel ban idiots and bigots. They ...,https://www.washingtonpost.com/opinions/protesters-call-supporters-of-trumps-travel-ban-idiots-and-bigots-theyre-wrong/2017/02/03/9c0de5ba-e99d-11e6-bf6f-301b6b443624_story.html,189
"Travel ban or no, Trump's first six months saw a sharp drop in Muslim ...",https://www.washingtonpost.com/news/politics/wp/2017/07/13/travel-ban-or-no-trumps-first-six-months-saw-a-sharp-drop-in-muslim-refugees-entering-the-u-s/,190
More than 20 states have urged the court to keep Trump's travel ban ...,https://www.washingtonpost.com/news/post-nation/wp/2017/02/15/more-than-20-states-have-urged-the-court-to-keep-trumps-travel-ban-frozen-texas-just-asked-it-be-restored/,191
Arab-American Republican lawmakers divided on Trump's travel ban ...,https://www.washingtonpost.com/powerpost/arab-american-republican-lawmakers-divided-on-trumps-travel-ban/2017/02/01/d75e7d10-e8cf-11e6-80c2-30e57e57e05d_story.html,192
Why most congressional Republicans probably won't be speaking out ...,https://www.washingtonpost.com/news/the-fix/wp/2017/01/30/why-most-congressional-republicans-probably-wont-be-speaking-out-against-trumps-travel-ban/,193
Trump gives 'fake news' sneer at polls critical of travel ban order - The ...,https://www.washingtonpost.com/news/post-politics/wp/2017/02/06/trump-gives-fake-news-sneer-at-polls-critical-of-travel-ban-order/,194
ACLU: Supreme Court decision allows for 'only the narrowest' travel ban,https://www.washingtonpost.com/news/post-nation/wp/2017/06/26/aclu-supreme-court-decision-allows-for-only-the-narrowest-travel-ban/,195
Can eating lead to understanding? In the case of Trump's travel ban ...,https://www.washingtonpost.com/news/food/wp/2017/02/07/can-eating-lead-to-understanding-in-the-case-of-trumps-travel-ban-some-hope-so/,196
"Trump asked for a 'Muslim ban,' Giuliani says — and ordered a ...",https://www.washingtonpost.com/news/the-fix/wp/2017/01/29/trump-asked-for-a-muslim-ban-giuliani-says-and-ordered-a-commission-to-do-it-legally/,197
U.S. soccer has never known borders. President Trump's travel ban ...,https://www.washingtonpost.com/news/soccer-insider/wp/2017/01/29/u-s-soccer-community-worries-about-how-immigration-ban-will-affect-its-image/,198
"Amid protests and confusion, Trump defends executive order: 'This is ...",https://www.washingtonpost.com/national/health-science/trump-gives-no-sign-of-backing-down-from-travel-ban/2017/01/29/4ffe900a-e620-11e6-b82f-687d6e6a3e7c_story.html,199
Trump is set to introduce a new 'Muslim ban.' This one is nonsense ...,https://www.washingtonpost.com/blogs/plum-line/wp/2017/02/21/trump-is-set-to-introduce-a-new-muslim-ban-this-one-is-nonsense-too/,200
"Trump's new travel order is self-defeating— and maybe legal, too ...",https://www.washingtonpost.com/opinions/trumps-new-travel-order-is-self-defeating-and-maybe-legal-too/2017/03/17/95171a6c-0a93-11e7-93dc-00f9bdd74ed1_story.html,201
"Stephen Miller says White House will fight for travel ban, advances ...",https://www.washingtonpost.com/news/powerpost/wp/2017/02/12/stephen-miller-says-white-house-will-fight-for-travel-ban-advances-false-voter-fraud-claims/,202
"Amid criticism, the Wall Street Journal lifts a ban on the term 'majority ...",https://www.washingtonpost.com/news/the-fix/wp/2017/01/31/covering-trumps-travel-ban-the-wall-street-journal-bans-the-term-majority-muslim/,203
Federal judge temporarily blocks Trump's entry order nationwide - The ...,https://www.washingtonpost.com/world/national-security/federal-judge-temporarily-blocks-trumps-immigration-order-nationwide/2017/02/03/9b734e1c-ea54-11e6-bf6f-301b6b443624_story.html,204
NFL players' union expresses support for Muslim players in wake of ...,https://www.washingtonpost.com/news/sports/wp/2017/02/02/nfl-players-union-expresses-support-for-muslim-players-in-wake-of-trumps-travel-ban/,205
U.S. Soccer Coach Bruce Arena on Trump's travel ban: 'It's sad' - The ...,https://www.washingtonpost.com/news/soccer-insider/wp/2017/02/02/u-s-soccer-coach-bruce-arena-on-trumps-travel-ban-i-think-its-sad/,206
Lawyer introducing Gorsuch suing Trump administration over travel ban,http://www.washingtonpost.com/politics/2017/live-updates/trump-white-house/neil-gorsuch-confirmation-hearings-updates-and-analysis-on-the-supreme-court-nominee/lawyer-introducing-gorsuch-suing-trump-administration-over-travel-ban/,-1
"To counter Trump's travel ban, this Jewish filmmaker wants to give ...",https://www.washingtonpost.com/news/inspired-life/wp/2017/02/15/to-counter-trumps-travel-ban-this-jewish-filmmaker-wants-to-give-american-muslims-a-voice/,207
Justice Dept. lays out defense of revised travel ban as key court ...,https://www.washingtonpost.com/world/national-security/justice-dept-lays-out-defense-of-revised-travel-ban-as-key-court-hearings-loom/2017/03/13/7ae65764-07fc-11e7-93dc-00f9bdd74ed1_story.html,208
Opinion | The new travel ban: A retreat and a concession to reality,https://www.washingtonpost.com/blogs/right-turn/wp/2017/03/06/the-new-travel-ban-a-retreat-and-a-concession-to-reality/,209
"Grandparents, refugees with formal assurances can enter under ...",https://www.washingtonpost.com/world/national-security/grandparents-refugees-with-formal-assurances-can-enter-under-trumps-travel-ban-appeals-court-rules/2017/09/07/d0763ca8-9415-11e7-8754-d478688d23b4_story.html,210
Unnamed White House official on implementing travel ban: 'It really is ...,https://www.washingtonpost.com/news/post-politics/wp/2017/01/29/unnamed-white-house-official-on-implementing-travel-ban-it-really-is-a-massive-success-story/,211
Va. mosque sees outpouring of support as state fights Trump travel ban,https://www.washingtonpost.com/local/virginia-politics/va-mosque-sees-outpouring-of-support-as-state-fights-trump-travel-ban/2017/02/03/65e661d6-ea21-11e6-80c2-30e57e57e05d_story.html,212
The Latest: Supreme Court cancels arguments - The Washington Post,https://www.washingtonpost.com/politics/federal_government/the-latest-trump-administration-announces-new-travel-ban/2017/09/25/e929fcd6-a1b1-11e7-b573-8ec86cdfe1ed_story.html,213
"Trump is expected to visit Supreme Court this week, but not to discuss ...",https://www.washingtonpost.com/politics/courts_law/trump-is-expected-to-visit-supreme-court-this-week-but-not-to-discuss-travel-ban/2017/06/14/00f874b2-5137-11e7-be25-3a519335381c_story.html,214
Washington Lt. Gov.: Trump's travel ban would have blocked my ...,https://www.washingtonpost.com/opinions/washington-lt-gov-trumps-order-would-have-blocked-my-parents-from-moving-here/2017/02/07/2fe9b53e-ed63-11e6-9973-c5efb7ccfb0d_story.html,215
The federal appeals court that Trump hates the most will now hear ...,https://www.washingtonpost.com/world/national-security/the-federal-appeals-court-that-trump-hates-the-most-will-now-hear-arguments-on-his-travel-ban/2017/05/14/cf61e28a-34ee-11e7-b373-418f6849a004_story.html,216
What should travelers expect following Trump's travel ban? Even ...,https://www.washingtonpost.com/news/tripping/wp/2017/02/01/what-should-travelers-expect-following-trumps-travel-ban-even-experts-say-its-hard-to-know/,217
Trump serves up another Muslim travel ban - The Washington Post,https://www.washingtonpost.com/news/opinions/wp/2017/03/09/trump-serves-up-another-muslim-travel-ban/,218
Iranian-American groups testify in Washington seeking new ban on ...,https://www.washingtonpost.com/local/public-safety/iranian-american-groups-testify-in-washington-seeking-new-ban-on-trump-travel-order/2017/04/18/65d31b20-23ca-11e7-bb9d-8cd6118e1409_story.html,219
Trump suggests only politics could lead court to rule against his ...,https://www.washingtonpost.com/world/national-security/in-their-courtrooms-theyre-protected-by-people-like-me-dhs-secretary-weighs-in-on-legal-dispute-over-trump-ban/2017/02/07/5e37fc4e-ed4e-11e6-9662-6eedf1627882_story.html,220
Appeals court rejects Trump's enforcement of travel ban order against ...,https://www.washingtonpost.com/news/volokh-conspiracy/wp/2017/09/07/appeals-court-rejects-trumps-enforcement-of-travel-ban-order-against-grandparents-and-refugees-with-formal-resettlement-assurances/,221
"In speech, Md. Gov. Hogan remains silent on Trump travel ban - The ...",https://www.washingtonpost.com/local/md-politics/hogan-makes-his-third-state-of-the-state-address-on-wednesday/2017/02/01/7a5ed2d8-e805-11e6-80c2-30e57e57e05d_story.html,222
Trump's 'Muslim ban' is about to make a comeback. Here's what's ...,https://www.washingtonpost.com/blogs/plum-line/wp/2017/02/28/trumps-muslim-ban-is-about-to-make-a-comeback-heres-whats-really-driving-it/,223
"'Trump is right, in a way': These Christian Syrians in Pa. back the travel ...",https://www.washingtonpost.com/national/trump-is-right-in-a-way-to-do-what-hes-doing-christian-syrian-community-in-pa-supports-temporary-travel-ban/2017/01/30/9004dd38-e71c-11e6-bf6f-301b6b443624_story.html,224
Judge orders government to turn over documents from Rudy Giuliani ...,https://www.washingtonpost.com/news/post-nation/wp/2017/05/13/judge-orders-government-to-turn-over-documents-from-rudy-giuliani-on-travel-ban/,225
A breakaway region of Somalia begs the Trump administration for ...,https://www.washingtonpost.com/news/worldviews/wp/2017/02/15/a-breakaway-region-of-somalia-begs-the-trump-administration-for-travel-ban-exemption/,226
Math suggests Trump never intended his travel ban to expire - The ...,https://www.washingtonpost.com/opinions/math-suggests-trump-never-intended-his-travel-ban-to-expire/2017/03/10/b771a172-0516-11e7-9d14-9724d48f5666_story.html,227
"Richmond notebook: Madison, Jefferson and Trump's travel ban - The ...",https://www.washingtonpost.com/local/virginia-politics/richmond-notebook-madison-jefferson-and-trumps-travel-ban/2017/01/30/499956d0-e726-11e6-bf6f-301b6b443624_story.html,228
Iran bars U.S. wrestlers from tournament in response to Trump's travel ...,https://www.washingtonpost.com/sports/iran-bars-us-wrestlers-from-tournament-in-response-to-trumps-travel-ban/2017/02/03/234c4e88-ea28-11e6-80c2-30e57e57e05d_story.html,229
'We're the good guys': Lawyers continue airport campouts amid Trump ...,https://www.washingtonpost.com/local/were-the-good-guys-lawyers-continue-airport-campouts-amid-trump-travel-ban/2017/02/03/7503dd94-e957-11e6-bf6f-301b6b443624_story.html,230
Trump administration offers a new travel ban - The Washington Post,https://www.washingtonpost.com/politics/federal_government/trump-administration-offers-a-new-travel-ban/2017/09/26/478ed9ea-a298-11e7-b573-8ec86cdfe1ed_story.html,231
"In leaked document, the case for Trump's 'Muslim ban' takes another ...",https://www.washingtonpost.com/blogs/plum-line/wp/2017/03/03/in-leaked-document-the-case-for-trumps-muslim-ban-takes-another-huge-hit/,232
Protesters in Annapolis urge Hogan to denounce Trump's travel ban ...,https://www.washingtonpost.com/local/md-politics/protesters-gather-outside-gov-hogans-residence-demanding-he-take-on-trump/2017/02/04/64ef2328-eafb-11e6-b82f-687d6e6a3e7c_story.html,233
DHS secretary: Trump administration considering 'more streamlined ...,https://www.washingtonpost.com/world/national-security/dhs-secretary-trump-administration-considering-more-streamlined-version-of-travel-ban/2017/02/18/4f8cb56c-f5f6-11e6-b9c9-e83fce42fb61_story.html,234
Why Virginia matters in the travel ban fight - The Washington Post,https://www.washingtonpost.com/local/public-safety/why-virginia-matters-in-the-travel-ban-fight/2017/02/14/27cfff3c-f2ec-11e6-b9c9-e83fce42fb61_story.html,235
Anything Trump tweets can be (and just was) used against him in a ...,https://www.washingtonpost.com/news/the-fix/wp/2017/06/12/anything-trump-tweets-can-be-and-just-was-used-against-him-in-a-court-of-law/,236
"Kerry, Panetta, ex-CIA officials tell court Trump order will 'endanger ...",https://www.washingtonpost.com/news/morning-mix/wp/2017/02/06/kerry-panetta-ex-cia-officials-tell-court-trump-order-will-endanger-troops-in-the-field/,237
Trump offers Supreme Court way out of travel ban case - The ...,https://www.washingtonpost.com/politics/federal_government/trump-asks-dismissal-of-travel-ban-case-opponents-disagree/2017/10/05/56a4331c-a9f0-11e7-9a98-07140d2eed02_story.html,238
"Trump's campaign words stalk him in court on sanctuary cities, just as ...",https://www.washingtonpost.com/news/morning-mix/wp/2017/03/30/trumpss-campaign-words-stalk-him-in-court-on-sanctuary-cities-just-as-in-travel-ban-cases/,239
Meet the Bush-nominated federal judge who halted Trump's executive ...,https://www.washingtonpost.com/news/post-nation/wp/2017/02/04/meet-the-bush-appointed-federal-judge-who-halted-trumps-executive-order/,240
When will the travel ban cases become moot? - The Washington Post,https://www.washingtonpost.com/news/volokh-conspiracy/wp/2017/06/02/when-will-the-travel-ban-cases-become-moot/,241
"Trump signs order temporarily halting admission of refugees, promises ...",https://www.washingtonpost.com/world/national-security/trump-approves-extreme-vetting-of-refugees-promises-priority-for-christians/2017/01/27/007021a2-e4c7-11e6-a547-5fb9411d332c_story.html,242
U.S. judge in D.C. signals readiness to become third to order halt to ...,https://www.washingtonpost.com/local/public-safety/us-judge-in-dc-signals-readiness-to-become-third-to-order-halt-to-revised-trump-travel-ban/2017/05/11/af41537e-365f-11e7-b412-62beef8121f7_story.html,243
'The U.S. continues to welcome the most talented': Universities ...,https://www.washingtonpost.com/news/grade-point/wp/2017/06/26/the-united-states-continues-to-welcome-the-most-talented-individuals-universities-respond-to-supreme-court-action-on-travel-ban/,244
Trump weighs new travel restrictions as ban nears expiration - The ...,https://www.washingtonpost.com/politics/federal_government/trump-weighing-options-as-travel-ban-nears-expiration-date/2017/09/22/22fe2cd0-9fbd-11e7-b2a7-bc70b6f98089_story.html,245
House Judiciary chairman: Staffers had 'no control of the language' in ...,https://www.washingtonpost.com/news/powerpost/wp/2017/01/31/house-judiciary-chairman-staffers-had-no-control-of-the-language-in-trump-travel-ban/,246
Democratic lawmakers from states and districts won by Trump oppose ...,https://www.washingtonpost.com/news/powerpost/wp/2017/01/30/democratic-lawmakers-from-states-and-districts-won-by-trump-oppose-travel-ban/,247
Koch network condemns Trump ban on refugees and immigrants - The ...,https://www.washingtonpost.com/news/post-politics/wp/2017/01/29/koch-network-condemns-trump-ban-on-refugees-and-immigrants/,248
Why Trump's refugee order is unconstitutional - The Washington Post,https://www.washingtonpost.com/news/volokh-conspiracy/wp/2017/02/05/why-trumps-refugee-order-is-unconstitutional-discrimination-on-the-basis-of-religion/,249
What you need to know about the terrorist threat from foreigners and ...,https://www.washingtonpost.com/news/fact-checker/wp/2017/01/29/what-you-need-to-know-about-terror-threat-from-foreigners-and-trumps-executive-order/,250
'Ominous path': Johns Hopkins president on Trump's refugee travel ban,https://www.washingtonpost.com/news/grade-point/wp/2017/02/02/ominous-path-johns-hopkins-president-on-trumps-refugee-travel-ban/,251
It looks like Trump has enraged yet another American industry - The ...,https://www.washingtonpost.com/news/wonk/wp/2017/02/07/it-looks-like-trump-has-enraged-yet-another-american-industry/,252
A new travel ban with 'mostly minor technical differences'? That ...,https://www.washingtonpost.com/world/national-security/a-new-travel-ban-with-mostly-minor-technical-differences-that-probably-wont-cut-it-analysts-say/2017/02/22/8ae9d7e6-f918-11e6-bf01-d47f8cf9b643_story.html,253
Trump considers writing 'brand new' immigration order - The ...,https://www.washingtonpost.com/world/national-security/white-house-considers-rewriting-trumps-immigration-order/2017/02/10/ddcf5a6a-efb5-11e6-b4ff-ac2cf509efe5_story.html,254
Senator who lost her legs in Iraq challenges Mattis to explain why he ...,https://www.washingtonpost.com/news/checkpoint/wp/2017/01/31/senator-who-lost-her-legs-in-iraq-challenges-mattis-to-explain-why-he-stood-by-as-trump-signed-travel-ban/,255
The Latest: Trump administration announces new travel ban - The ...,https://www.washingtonpost.com/politics/federal_government/the-latest-trump-administration-announces-new-travel-ban/2017/09/24/adfebb26-a182-11e7-b573-8ec86cdfe1ed_story.html,256
The Latest: Trump's new travel ban: Third time the charm? - The ...,https://www.washingtonpost.com/politics/federal_government/the-latest-trumps-new-travel-ban-third-time-the-charm/2017/09/25/73eadb08-a25f-11e7-b573-8ec86cdfe1ed_story.html,257
The government now says 746 people were held due to the travel ban ...,https://www.washingtonpost.com/news/post-nation/wp/2017/02/24/the-government-now-says-746-people-were-held-due-to-the-travel-ban-heres-why-that-number-keeps-changing/,258
The travel moratorium: A hopeless disaster - The Washington Post,https://www.washingtonpost.com/opinions/global-opinions/the-travel-moratorium-a-hopeless-disaster/2017/02/09/53e3bdde-eef5-11e6-b4ff-ac2cf509efe5_story.html,259
'She is not a terrorist': Iranian baby caught in travel ban is granted entry,https://www.washingtonpost.com/news/post-nation/wp/2017/02/04/she-is-not-a-terrorist-trumps-executive-order-barred-iranian-baby-in-need-of-heart-surgery/,260
Sean Spicer's defense of the Trump travel order is all about fear - The ...,https://www.washingtonpost.com/news/the-fix/wp/2017/01/30/sean-spicers-defense-of-the-trump-travel-order-is-all-about-fear/,261
Trump and his advisers can't keep quiet — and it's becoming a real ...,https://www.washingtonpost.com/politics/trump-and-his-advisers-cant-keep-quiet--and-its-becoming-a-real-problem/2017/03/16/157d2100-0a63-11e7-93dc-00f9bdd74ed1_story.html,262
Trump's latest unhinged tweetstorm could hasten his downward spiral ...,https://www.washingtonpost.com/blogs/plum-line/wp/2017/06/05/trumps-latest-unhinged-tweetstorm-could-hasten-his-downward-spiral/,263
U.N. experts say Trump immigration order violates U.S. human rights ...,https://www.washingtonpost.com/news/post-nation/wp/2017/02/01/u-n-experts-say-trump-immigration-order-violates-u-s-human-rights-obligations/,264
Trump has fired the acting attorney general who ordered Justice Dept ...,https://www.washingtonpost.com/world/national-security/acting-attorney-general-an-obama-administration-holdover-wont-defend-trump-immigration-order/2017/01/30/a9846f02-e727-11e6-b82f-687d6e6a3e7c_story.html,265
Stephen Miller went on Fox News. Now a federal court says it cannot ...,https://www.washingtonpost.com/news/the-fix/wp/2017/03/09/stephen-millers-fox-news-interview-is-coming-back-to-haunt-president-trump/,266
Democratic AGs step up legal fight against Trump travel ban - The ...,https://www.washingtonpost.com/local/democratic-ags-step-up-legal-fight-against-trump-travel-ban/2017/03/10/849d6c9c-05fa-11e7-9d14-9724d48f5666_story.html,267
Indian athlete who got high-level help for U.S. visa now accused of ...,https://www.washingtonpost.com/world/indian-athlete-who-overcame-the-travel-ban-arrested-for-sexual-abuse-in-new-york/2017/03/03/47799758-d1ad-4cd5-8673-8459b7c2768e_story.html,268
Governor who blocked 'Muslim ban' tells Trump: This is what the ...,https://www.washingtonpost.com/blogs/plum-line/wp/2017/02/06/governor-who-blocked-muslim-ban-tells-trump-this-is-what-the-resistance-looks-like/,269
The travel ban endgame - The Washington Post,https://www.washingtonpost.com/news/volokh-conspiracy/wp/2017/06/26/the-travel-ban-endgame/,270
Trump says he'll issue a new executive order on immigration by next ...,https://www.washingtonpost.com/world/national-security/trump-says-hell-issue-a-new-executive-order-on-immigration-by-next-week/2017/02/16/4b65e7d6-f463-11e6-a9b0-ecee7ce475fc_story.html,271
Judge halts deportations as refugee ban causes worldwide furor - The ...,https://www.washingtonpost.com/local/social-issues/refugees-detained-at-us-airports-challenge-trumps-executive-order/2017/01/28/e69501a2-e562-11e6-a547-5fb9411d332c_story.html,272
"The Muslim ban is useless, but Trump still wants it - The Washington ...",https://www.washingtonpost.com/blogs/right-turn/wp/2017/05/26/the-muslim-ban-is-useless-but-trump-still-wants-it/,273
Kellyanne Conway cites 'Bowling Green massacre' that never ...,https://www.washingtonpost.com/news/morning-mix/wp/2017/02/03/kellyanne-conway-cites-bowling-green-massacre-that-never-happened-to-defend-travel-ban/,274
Trump loses again on Muslim ban — and then makes it worse - The ...,https://www.washingtonpost.com/blogs/right-turn/wp/2017/03/16/trump-loses-again-on-muslim-ban-and-then-makes-it-worse/,275
DOJ's lawyer says Trump is only asking for a “temporary pause” in ...,http://www.washingtonpost.com/politics/2017/live-updates/trump-white-house/hearing-on-trump-travel-ban-updates-from-the-federal-appeals-court/dojs-lawyer-says-trump-is-only-asking-for-a-temporary-pause-in-travelers-coming-from-risky-countries/,-1
Constitutional crisis? What happens if Trump decides to ignore a ...,https://www.washingtonpost.com/news/the-fix/wp/2017/02/05/constitutional-crisis-what-happens-if-trump-decides-to-ignore-a-judge/,276
The Latest: Hawaii seeks chance to challenge travel ban - The ...,https://www.washingtonpost.com/national/religion/the-latest-hawaii-seeks-chance-to-challenge-travel-ban/2017/10/06/4d6672a8-ab01-11e7-9a98-07140d2eed02_story.html,277
A Syrian family waits through the night as judges debate Trump travel ...,https://www.washingtonpost.com/world/middle_east/four-years-ago-this-family-fled-aleppo-now-they-are-ready-to-live-again/2017/02/08/41c13ed8-ed83-11e6-a100-fdaaf400369a_story.html,278
New travel ban leads Supreme Court to cancel Oct. 10 hearing - The ...,https://www.washingtonpost.com/politics/federal_government/new-travel-ban-leads-supreme-court-to-cancel-oct-10-hearing/2017/09/25/1e93771e-a228-11e7-b573-8ec86cdfe1ed_story.html,279
"Trump's refugee ban is a matter of life and death for some, including a ...",https://www.washingtonpost.com/world/africa/trumps-refugee-ban-is-a-matter-of-life-and-death-for-some-like-a-1-year-old-with-cancer/2017/01/30/4c8e4aae-e711-11e6-903d-9b11ed7d8d2a_story.html,280
Trump's facile claim that his refugee policy is similar to Obama's in ...,https://www.washingtonpost.com/news/fact-checker/wp/2017/01/29/trumps-facile-claim-that-his-refugee-policy-is-similar-to-obama-in-2011/,281
Democrats launch a full-scale opposition push against Trump's ...,https://www.washingtonpost.com/powerpost/democrats-across-the-country-join-protests-against-trump-order/2017/01/29/3146fcd0-e4de-11e6-a547-5fb9411d332c_story.html,282
The 9th Circuit's dangerous and unprecedented use of campaign ...,https://www.washingtonpost.com/news/volokh-conspiracy/wp/2017/02/09/the-9th-circuits-dangerous-and-unprecedented-use-of-campaign-statements-to-block-presidential-policy/,283
Hawaii files motion seeking to challenge third travel ban - The ...,https://www.washingtonpost.com/national/religion/hawaii-filed-motion-seeking-to-challenge-third-travel-ban/2017/10/06/59df7360-aac8-11e7-9a98-07140d2eed02_story.html,284
Hawaii gets chance to make case for fighting 3rd travel ban - The ...,https://www.washingtonpost.com/national/religion/hawaii-gets-chance-to-make-case-for-fighting-3rd-travel-ban/2017/10/06/fed7ce32-ab02-11e7-9a98-07140d2eed02_story.html,285
North Korean travel ban marks return to Cold War-era restrictions on ...,https://www.washingtonpost.com/news/worldviews/wp/2017/07/21/north-korean-travel-ban-marks-return-to-cold-war-era-restrictions-on-u-s-citizens-abroad/,286
Travelers previously blocked by Trump's immigration ban are arriving ...,https://www.washingtonpost.com/news/post-nation/wp/2017/02/03/travelers-previously-blocked-by-trumps-immigration-ban-are-arriving-in-the-u-s-through-boston/,287
"In conservative media, Trump executive orders are a home run - The ...",https://www.washingtonpost.com/news/post-politics/wp/2017/01/29/in-conservative-media-trump-executive-orders-are-a-home-run/,288
The GOP senators who spoke up against Trump's ban are all talk - The ...,https://www.washingtonpost.com/opinions/the-gop-senators-who-spoke-up-against-trumps-ban-are-all-talk/2017/01/31/754465e4-e7fe-11e6-80c2-30e57e57e05d_story.html,289
How President Trump turns a reasonably popular policy into a mess ...,https://www.washingtonpost.com/news/the-fix/wp/2017/01/30/how-president-trump-turns-a-reasonably-popular-policy-into-a-mess/,290
"Sorry, Trump's refugee order is probably legal - The Washington Post",https://www.washingtonpost.com/opinions/sorry-trumps-refugee-order-is-probably-legal/2017/02/01/6ef791a6-e8c2-11e6-b82f-687d6e6a3e7c_story.html,291
George Conway: President's tweets 'certainly won't help' court case ...,https://www.washingtonpost.com/world/national-security/george-conway-presidents-tweets-certainly-wont-help-court-case-over-travel-ban/2017/06/05/d78c8102-4a08-11e7-9669-250d0b15f83b_story.html,292
The Daily 202: Blocked travel ban raises the stakes for Neil Gorsuch's ...,https://www.washingtonpost.com/news/powerpost/paloma/daily-202/2017/03/17/daily-202-blocked-travel-ban-raises-the-stakes-for-neil-gorsuch-s-confirmation-hearing/58cb8499e9b69b46c82e5c39/,293
The Latest: Hawaii seeks to challenge third travel ban - The ...,https://www.washingtonpost.com/national/religion/the-latest-hawaii-seeks-to-challenge-third-travel-ban/2017/10/06/76e7160c-aacd-11e7-9a98-07140d2eed02_story.html,294
Acting attorney general declares Justice Department won't defend ...,https://www.washingtonpost.com/news/post-nation/wp/2017/01/30/trump-says-all-is-going-well-on-immigration-order-amid-questions-and-confusion/,295
Indonesia: US travel ban could hurt fight against terrorism - The ...,https://www.washingtonpost.com/world/asia_pacific/indonesia-us-travel-ban-could-hurt-fight-against-terrorism/2017/01/29/19aa355a-e697-11e6-903d-9b11ed7d8d2a_story.html,296
Trump's order to ban refugees and immigrants triggers fears across ...,https://www.washingtonpost.com/world/trumps-impending-bans-on-refugees-and-immigrants-triggers-fears-globally/2017/01/26/c698e67e-e33d-11e6-a419-eefe8eff0835_story.html,297
Trump administration says 872 refugees will be allowed in the U.S. ...,https://www.washingtonpost.com/news/post-nation/wp/2017/01/31/872-refugees-will-be-allowed-in-the-u-s-this-week-dhs-says/,298
"Trump addresses London attack by tweeting about gun control, travel ...",https://www.washingtonpost.com/news/the-fix/wp/2017/06/04/world-leaders-call-for-unity-after-london-attack-trump-tweets-the-complete-opposite/,299
Uber triggers protest for collecting fares during taxi strike against ...,https://www.washingtonpost.com/news/dr-gridlock/wp/2017/01/29/uber-triggers-protest-for-not-supporting-taxi-strike-against-refugee-ban/,300
"Trump's talk — 'Muslim ban,' 'Islam hates us' — comes back to bite him ...",https://www.washingtonpost.com/news/morning-mix/wp/2017/03/16/trumps-talk-muslim-ban-islam-hates-us-comes-back-to-bite-him-in-court-again/,301
Meet the rookie federal judge who halted Trump's refugee ...,https://www.washingtonpost.com/news/post-nation/wp/2017/01/29/meet-the-rookie-federal-judge-who-halted-trumps-refugee-deportations-to-save-a-syrian/,302
'Why not?' France's far-right party says it could replicate Trump's ban if ...,https://www.washingtonpost.com/news/worldviews/wp/2017/01/31/why-not-frances-far-right-party-says-it-could-replicate-trumps-ban-if-le-pen-elected/,303
Trump's executive order on immigration is a self-inflicted wound - The ...,https://www.washingtonpost.com/opinions/trumps-executive-order-on-immigration-is-a-self-inflicted-wound/2017/01/30/77016d38-e721-11e6-b82f-687d6e6a3e7c_story.html,304
There are new signs Republicans are going wobbly on the 'Muslim ...,https://www.washingtonpost.com/blogs/plum-line/wp/2017/01/31/there-are-new-signs-republicans-are-going-wobbly-on-the-muslim-ban/,305
Olympian Mo Farah 'relieved' that he will be allowed to return to the ...,https://www.washingtonpost.com/news/early-lead/wp/2017/01/29/donald-trump-seems-to-have-made-me-an-alien-runner-mo-farah-is-banned/,306
Canada's Girl Guides were irked by Trump's travel bans. So they ...,https://www.washingtonpost.com/news/worldviews/wp/2017/03/14/canadas-girl-guides-were-irked-by-trumps-travel-bans-so-they-decided-to-snub-america/,307
President Trump's refugee ban is splitting our family apart - The ...,https://www.washingtonpost.com/news/posteverything/wp/2017/08/28/president-trumps-refugee-ban-is-splitting-our-family-apart/,308
"Trump's first 100 days: After a big weekend for the entry ban, here's ...",https://www.washingtonpost.com/news/powerpost/wp/2017/02/05/trumps-first-100-days-after-a-big-weekend-for-the-entry-ban-heres-whats-next/,309
Annotated: The Trump administration's executive order on refugees ...,https://www.washingtonpost.com/news/post-politics/wp/2017/01/27/annotated-the-trump-administrations-executive-order-on-refugees-and-immigrants/,310
"Iraq, excluded from travel ban, praises new White House executive ...",https://www.washingtonpost.com/world/middle_east/iraq-excluded-from-travel-ban-praises-new-white-house-executive-order/2017/03/06/d3b44d04-027c-11e7-9d14-9724d48f5666_story.html,311
"Inside the world's largest refugee camp, one man's quest to explain ...",https://www.washingtonpost.com/world/africa/inside-the-worlds-largest-refugee-camp-trumps-travel-ban-is-causing-despair/2017/02/04/b5f1058e-e4c0-11e6-a419-eefe8eff0835_story.html,312
The Libyan student who sued Trump — and won - The Washington Post,https://www.washingtonpost.com/news/democracy-post/wp/2017/03/16/the-libyan-student-who-sued-trump-and-won/,313
Trump's travel order could make it difficult for Americans who travel ...,https://www.washingtonpost.com/news/dr-gridlock/wp/2017/02/02/trumps-travel-order-could-make-it-difficult-for-americans-who-travel-abroad-survey-finds/,314
Trump's First 100 Days: 'Muslim ban' vs. 'immigration pause' - The ...,https://www.washingtonpost.com/news/powerpost/wp/2017/03/06/trumps-first-100-days-muslim-ban-vs-immigration-pause/,315
France surprised Chad made Trump travel restrictions list - The ...,https://www.washingtonpost.com/world/europe/france-surprised-chad-made-trump-travel-restrictions-list/2017/09/27/965c08fc-a399-11e7-b573-8ec86cdfe1ed_story.html,316
Va. demands more details on travel ban detentions at Dulles ...,https://www.washingtonpost.com/local/public-safety/va-demands-more-details-on-travel-ban-detentions-at-dulles-international-airport/2017/02/01/f10aef32-e8de-11e6-80c2-30e57e57e05d_story.html,317
Ninth Circuit effectively sends travel ban case back to the trial court ...,https://www.washingtonpost.com/news/volokh-conspiracy/wp/2017/07/08/ninth-circuit-effectively-sends-travel-ban-case-back-to-the-trial-court/,318
"Tech firms recall employees to U.S., denounce Trump's ban on ...",https://www.washingtonpost.com/news/the-switch/wp/2017/01/28/silicon-valley-publicly-denounces-trumps-ban-on-muslim-refugees/,319
Why Trump is losing the war against the phony immigration issue ...,https://www.washingtonpost.com/blogs/right-turn/wp/2017/04/27/why-trump-is-losing-the-war-against-the-phony-immigration-issue/,320
"No matter what you call it, Trump's immigration order will be tough to ...",https://www.washingtonpost.com/world/national-security/no-matter-what-you-call-it-trumps-immigration-order-will-be-tough-to-overturn-legal-analysts-say/2017/02/02/b0d5e992-e89f-11e6-b82f-687d6e6a3e7c_story.html,321
Is this a 'Muslim ban'? Look at the history — and at Trump's own words ...,https://www.washingtonpost.com/blogs/plum-line/wp/2017/01/31/is-this-a-muslim-ban-look-at-the-history-and-at-trumps-own-words/,322
Supreme Court often defers to president on immigration and national ...,http://www.washingtonpost.com/politics/2017/live-updates/trump-white-house/hearing-on-trump-travel-ban-updates-from-the-federal-appeals-court/supreme-court-often-defers-to-president-on-immigration-and-national-security/,-1
State Department dissent memo: 'We are better than this ban' - The ...,https://www.washingtonpost.com/news/josh-rogin/wp/2017/01/30/state-department-dissent-memo-we-are-better-than-this-ban/,323
Trump is now attacking all the institutions that could limit his power ...,https://www.washingtonpost.com/blogs/plum-line/wp/2017/02/07/trump-is-now-attacking-all-the-institutions-that-could-limit-his-power-later/,324
"What if the order said, 'No Muslims'? - The Washington Post",http://www.washingtonpost.com/politics/2017/live-updates/trump-white-house/hearing-on-trump-travel-ban-updates-from-the-federal-appeals-court/what-if-the-order-said-no-muslims/,-1
Civil liberties advocates continue pressing Trump administration on ...,https://www.washingtonpost.com/world/national-security/civil-liberties-advocates-question-trumps-compliance-with-court-order-on-immigration-ban-as-homeland-security-defends-rollout/2017/01/31/a78c2808-e7ee-11e6-b82f-687d6e6a3e7c_story.html,325
Trump administration circulates more draft immigration restrictions ...,https://www.washingtonpost.com/world/national-security/trump-administration-circulates-more-draft-immigration-restrictions-focusing-on-protecting-us-jobs/2017/01/31/38529236-e741-11e6-80c2-30e57e57e05d_story.html,326
Is it a Muslim ban? Let's look at some numbers. - The Washington Post,http://www.washingtonpost.com/politics/2017/live-updates/trump-white-house/hearing-on-trump-travel-ban-updates-from-the-federal-appeals-court/is-it-a-muslim-ban-lets-look-at-some-numbers/,-1
Uber CEO challenged for Trump connection after immigrant ban - The ...,https://www.washingtonpost.com/business/uber-ceo-challenged-for-trump-connection-after-immigrant-ban/2017/01/29/8086053a-e672-11e6-903d-9b11ed7d8d2a_story.html,327
The judges ask: What if Trump flat out banned Muslims? - The ...,http://www.washingtonpost.com/politics/2017/live-updates/trump-white-house/hearing-on-trump-travel-ban-updates-from-the-federal-appeals-court/the-judges-ask-what-if-trump-flat-out-banned-muslims/,-1
7 key take-aways from the court's ruling on Trump's immigration order ...,https://www.washingtonpost.com/news/post-nation/wp/2017/02/09/7-key-takeaways-from-the-courts-ruling-on-trumps-immigration-order/,328
Was Trump's executive order an impeachable offense? - The ...,https://www.washingtonpost.com/news/volokh-conspiracy/wp/2017/01/30/was-trumps-executive-order-an-impeachable-offense/,329
Late-night hosts skewer Trump's immigration order with airport jokes ...,https://www.washingtonpost.com/news/arts-and-entertainment/wp/2017/01/31/late-night-hosts-skewer-trumps-immigration-order-with-airport-jokes-and-riffs-on-finding-dory/,330
Judge Clifton sharply questions the claim that the order is a “Muslim ban”,http://www.washingtonpost.com/politics/2017/live-updates/trump-white-house/hearing-on-trump-travel-ban-updates-from-the-federal-appeals-court/judge-clifton-sharply-questions-the-claim-that-the-order-is-a-muslim-ban/,-1
The judges seem to believe the states have a right to challenge the ...,http://www.washingtonpost.com/politics/2017/live-updates/trump-white-house/hearing-on-trump-travel-ban-updates-from-the-federal-appeals-court/the-judges-seem-to-believe-the-states-have-a-right-to-challenge-the-travel-ban/,-1
Officials worry that U.S counterterrorism defenses will be weakened by ...,https://www.washingtonpost.com/world/national-security/officials-worry-that-us-counterterrorism-defenses-will-be-weakened-by-trump-actions/2017/01/29/1f045074-e644-11e6-b82f-687d6e6a3e7c_story.html,331
From order to disorder: How Trump's immigration directive exposed ...,https://www.washingtonpost.com/politics/from-order-to-disorder-how-trumps-immigration-directive-exposed-gop-rifts/2017/01/30/b4e42044-e70f-11e6-b82f-687d6e6a3e7c_story.html,332
How Washington state became the epicenter of resistance to Trump's ...,https://www.washingtonpost.com/news/the-fix/wp/2017/02/05/how-washington-state-became-the-epicenter-of-resistance-to-trumps-agenda/,333
Donald Trump's White House is in chaos. And he loves it. - The ...,https://www.washingtonpost.com/news/the-fix/wp/2017/01/31/donald-trumps-white-house-is-in-chaos-and-he-loves-every-minute-of-it/,334
McConnell: We don't have religious tests in this country - The ...,https://www.washingtonpost.com/powerpost/mcconnell-we-dont-have-religious-tests-in-this-country/2017/01/29/03215604-e630-11e6-b82f-687d6e6a3e7c_story.html,335
Sean Spicer just settled it: We should all pay attention to Trump's tweets,https://www.washingtonpost.com/news/the-fix/wp/2017/06/06/sean-spicer-just-settled-it-we-should-all-pay-attention-to-trumps-tweets/,336
"State Dept. reverses visa revocations, allows barred travelers to enter ...",https://www.washingtonpost.com/politics/state-dept-reverses-visa-revocations-allows-banned-travelers-to-enter-us/2017/02/04/0ab5880a-eaee-11e6-bf6f-301b6b443624_story.html,337
Ban or no ban? Trump settles the debate over his executive order ...,https://www.washingtonpost.com/news/post-politics/wp/2017/02/01/ban-or-no-ban-trump-settles-the-debate-over-his-executive-order/,338
Federal judges are rarely heard in real-time outside the courtroom. For ...,https://www.washingtonpost.com/news/true-crime/wp/2017/02/07/federal-judges-are-rarely-heard-in-real-time-outside-the-courtroom-for-trumps-travel-ban-hearing-you-can-listen-live/,339
"Donald Trump just lost, bigly - The Washington Post",https://www.washingtonpost.com/news/the-fix/wp/2017/02/09/donald-trump-finally-met-his-match-the-courts/,340
IJ Review scoop! Hawaii judge ruling against Trump comes days after ...,https://www.washingtonpost.com/blogs/erik-wemple/wp/2017/03/16/ij-review-scoop-hawaii-judge-ruling-against-trump-comes-days-after-surprise-visit-by-obama/,341
President Trump does the right thing for once — and here's why it's ...,https://www.washingtonpost.com/news/democracy-post/wp/2017/03/06/president-trump-does-the-right-thing-for-once-and-heres-why-its-incredibly-ironic/,342
'These are people's lives they are playing with': World's airports turn ...,https://www.washingtonpost.com/world/middle_east/immigration-ban-sows-panic-anguish-and-confusion-at-airports-around-the-globe/2017/01/28/363093fc-e568-11e6-a419-eefe8eff0835_story.html,343
Sean Spicer now blaming media for President Trump tweet - The ...,https://www.washingtonpost.com/blogs/erik-wemple/wp/2017/01/31/sean-spicer-now-blaming-media-for-president-trump-tweet/,344
Universities respond to Trump's immigration order - The Washington ...,https://www.washingtonpost.com/news/grade-point/wp/2017/01/30/disruption-and-disorientation-universities-respond-to-trumps-immigration-order/,345
Making America cruel again – Trump's executive order on refugees ...,https://www.washingtonpost.com/news/volokh-conspiracy/wp/2017/01/29/making-america-cruel-again-trumps-executive-order-on-refugees/,346
"At Dulles Airport, balloons and hugs in arrivals hall during pause in ...",https://www.washingtonpost.com/local/virginia-politics/at-dulles-balloons-and-hugs-in-arrivals-hall-during-pause-in-travel-ban/2017/02/06/89efd714-ec84-11e6-9973-c5efb7ccfb0d_story.html,347
Is President Trump's executive order constitutional? - The Washington ...,https://www.washingtonpost.com/opinions/is-president-trumps-executive-order-constitutional/2017/02/06/26ee9762-ecc1-11e6-9973-c5efb7ccfb0d_story.html,348
Do Americans support Trump's immigration action? Depends on who's ...,https://www.washingtonpost.com/news/politics/wp/2017/02/02/do-americans-support-trumps-immigration-action-depends-on-whos-asking-and-how/,349
"With his London tweets, Trump embarrasses himself — and America ...",https://www.washingtonpost.com/blogs/right-turn/wp/2017/06/04/with-his-london-tweets-trump-embarrasses-himself-and-america-once-again/,350
Court says essentially that Trump is not to be believed. Will Supreme ...,https://www.washingtonpost.com/politics/courts_law/court-says-essentially-that-trump-is-not-be-believed-will-supreme-court-conclude-the-same/2017/05/28/3cb585c8-423f-11e7-8c25-44d09ff5a4a8_story.html,351
Trump's ban and judge's stay leave Syrian refugee families living in ...,https://www.washingtonpost.com/world/trumps-ban-judges-stay-leaves-syrian-refugee-families-living-in-fear-and-limbo/2017/02/04/938c679a-ea56-11e6-b82f-687d6e6a3e7c_story.html,352
Trump's immigration order means bureaucrats have to decide who's a ...,https://www.washingtonpost.com/news/monkey-cage/wp/2017/02/07/trumps-immigration-order-requires-bureaucrats-to-figure-out-who-is-christian-thats-not-easy/,353
The Latest: Venezuela: US travel ban an opinion 'strategy' - The ...,https://www.washingtonpost.com/world/the_americas/the-latest-venezuela-us-travel-ban-an-opinion-strategy/2017/09/25/69e1f596-a21a-11e7-b573-8ec86cdfe1ed_story.html,354
Republicans insist this isn't a 'Muslim ban.' Trump and Giuliani aren't ...,https://www.washingtonpost.com/news/the-fix/wp/2017/01/30/republicans-insist-this-isnt-a-muslim-ban-trump-and-giuliani-arent-helping-them-make-that-case/,355
Travelers caught up in Trump's ban who need help? There's an app ...,https://www.washingtonpost.com/local/virginia-politics/travelers-caught-up-in-muslim-ban-who-need-help-theres-an-app-for-that/2017/02/07/714bf926-ed52-11e6-9662-6eedf1627882_story.html,356
Judges press the government's lawyer to justify the ban - The ...,http://www.washingtonpost.com/politics/2017/live-updates/trump-white-house/hearing-on-trump-travel-ban-updates-from-the-federal-appeals-court/judges-press-the-governments-lawyer-to-justify-the-ban/,-1
Afghan girls robotics team can travel to U.S. for competition after twice ...,https://www.washingtonpost.com/news/morning-mix/wp/2017/07/13/afghan-girls-team-can-travel-to-u-s-for-robotics-contest-after-visas-denied-twice/,357
Did Donald Trump just set his relationship with Hill Republicans on fire ...,https://www.washingtonpost.com/news/the-fix/wp/2017/01/31/did-donald-trump-just-set-his-relationship-with-hill-republicans-on-fire/,358
Trump is out of control - The Washington Post,https://www.washingtonpost.com/opinions/trump-is-out-of-control/2017/06/05/9665c9a4-4a21-11e7-9669-250d0b15f83b_story.html,359
"We're not a part of Somalia, Mr. Trump — and don't belong in your ban ...",https://www.washingtonpost.com/news/global-opinions/wp/2017/03/27/were-not-a-part-of-somalia-mr-trump-and-we-dont-belong-in-your-ban/,360
Trump administration has unforced errors and self-inflicted wounds ...,https://www.washingtonpost.com/blogs/right-turn/wp/2017/03/31/unforced-errors-galore/,361
President Trump's defenders on Capitol Hill are wavering - The ...,https://www.washingtonpost.com/news/the-fix/wp/2017/05/16/president-trumps-defenders-on-capitol-hill-are-wavering/,362
Muslim ban language suddenly disappears from Trump campaign ...,https://www.washingtonpost.com/news/morning-mix/wp/2017/05/09/trumps-preventing-muslim-immigration-vow-disappears-from-campaign-website-after-spicer-questioned/,363
How today's visa restrictions might impact tomorrow's America ...,https://www.washingtonpost.com/graphics/national/visas-impact/,-1
Sally Yates is now a martyr for the anti-Trump movement. But legally ...,https://www.washingtonpost.com/news/the-fix/wp/2017/01/31/sally-yates-is-now-a-martyr-for-the-anti-trump-movement-but-legally-speaking-its-more-complicated/,364
Trump's travel tweets do not hurt the legal case for his executive orders,https://www.washingtonpost.com/news/volokh-conspiracy/wp/2017/06/05/trumps-travel-tweets-do-not-hurt-the-legal-case-for-his-executive-orders/,365
Kellyanne Conway praises Trump for getting all-girl Afghan robotics ...,https://www.washingtonpost.com/news/the-fix/wp/2017/07/15/conway-praises-trump-for-getting-all-girl-afghan-robotics-team-to-u-s-critics-disagree/,366
Thoughts on the appellate court ruling against Trump's immigration order,https://www.washingtonpost.com/news/volokh-conspiracy/wp/2017/02/10/thoughts-on-the-appellate-court-ruling-against-trumps-refugee-order/,367
This was SNL's most politically potent sketch this week - The ...,https://www.washingtonpost.com/news/the-fix/wp/2017/02/05/this-was-snls-most-politically-potent-sketch-this-week/,368
Stephen Miller's claim that 72 from banned countries were implicated in,https://www.washingtonpost.com/news/fact-checker/wp/2017/02/13/stephen-millers-claim-that-72-from-banned-countries-were-implicated-in-terroristic-activity/,369
Is the media too tough on Trump for our own good? - The Washington ...,https://www.washingtonpost.com/news/the-fix/wp/2017/10/05/is-the-media-too-tough-on-trump-for-our-own-good/,370
I was devastated about Las Vegas — but quietly relieved that the ...,https://www.washingtonpost.com/news/posteverything/wp/2017/10/05/i-was-devastated-over-las-vegas-but-quietly-relieved-that-the-shooter-was-white/,371
