Title, URL, Idx
Horsey: West Coast states form a wall against Trump's reactionary ..., http://www.chicagotribune.com/bal-horsey-west-coast-states-form-a-wall-against-trump-s-reactionary-agenda-20170213-story.html, 
"'We are against a travel ban,' Under Armour says - Baltimore Sun", http://www.chicagotribune.com/bal-we-are-against-a-travel-ban-under-armour-says-20170210-story.html, 
What Maryland elected officials are saying on the travel ban ..., http://www.chicagotribune.com/bal-what-maryland-elected-officials-are-saying-on-the-travel-ban-20170130-story.html, 
Trump's new travel ban raises the same Silicon Valley objections ..., http://www.chicagotribune.com/bluesky/technology/ct-travel-ban-silicon-valley-objections-20170307-story.html, 
Trump's travel ban leaves global businesses and entrepreneurs ..., http://www.chicagotribune.com/bluesky/technology/la-fi-immigration-ban-disrupting-businesses-20170130-story.html, 
Under Armour CEO Kevin Plank responds to Trump tempest with letter ..., http://www.chicagotribune.com/bs-bz-under-armour-plank-letter-20170214-story.html, 
The Supreme Court's uneasy compromise on Trump's travel ban ..., http://www.chicagotribune.com/bs-ed-0627-trump-travel-ban-20170626-story.html, 
"Alternative fact of the week: Trump, Obama and travel bans - Baltimore ...", http://www.chicagotribune.com/bs-ed-alternative-fact-20170202-story.html, 
Trump's London attack - Baltimore Sun, http://www.chicagotribune.com/bs-ed-england-trump-20170605-story.html, 
Hogan deletes public opinion - Baltimore Sun, http://www.chicagotribune.com/bs-ed-hogan-facebook-20170206-story.html, 
Hogan must stand up to Trump - Baltimore Sun, http://www.chicagotribune.com/bs-ed-hogan-travel-ban-20170131-story.html, 
"Witcover: Trump defies the Constitution, and sanity - Baltimore Sun", http://www.chicagotribune.com/bs-ed-op-0613-witcover-20170612-story.html, 
"Altered travel ban reveals America to be a cowardly, bad neighbor ...", http://www.chicagotribune.com/bs-ed-op-0703-hero-refugees-20170629-story.html, 
Cal Thomas: Two wins for Trump - Baltimore Sun, http://www.chicagotribune.com/bs-ed-op-20170628-story.html, 
Don't let Trump re-write America's values - Baltimore Sun, http://www.chicagotribune.com/bs-ed-trump-muslim-ban-20170130-story.html, 
"On travel ban, activist judges are acting like dictators - Baltimore Sun", http://www.chicagotribune.com/bs-ed-trump-travel-ban-letter-20170321-story.html, 
"Medical community, universities worried about impact of Trump travel ...", http://www.chicagotribune.com/bs-hs-medical-travel-ban-20170130-story.html, 
Thousands at BWI protest Trump's travel ban - Baltimore Sun, http://www.chicagotribune.com/bs-md-bwi-rally-20170129-story.html, 
Maryland Democrats present legislation billed as curbs on Trump ..., http://www.chicagotribune.com/bs-md-democrats-trump-20170131-story.html, 
Frosh: Maryland could join legal action against Trump order ..., http://www.chicagotribune.com/bs-md-frosh-statement-20170130-story.html, 
New Trump travel restrictions face same opposition - Baltimore Sun, http://www.chicagotribune.com/bs-md-trum-travel-ban-reaction-20170925-story.html, 
UMD president says 350 on campus affected by Trump's travel ban ..., http://www.chicagotribune.com/bs-md-umd-travel-ban-20170131-story.html, 
Companies standing up to Trump may become common - Chicago ..., http://www.chicagotribune.com/business/careers/ijustworkhere/ct-huppke-work-advice-0205-biz-20170202-column.html, 
CEOs speak out about Trump's travel ban - LA Times, http://www.chicagotribune.com/business/careers/ijustworkhere/la-fi-ceo-tweets-trump-20170130-story.html, 
"Nordstrom stock shrugs off Trump's tweet attack, showing he's become ...", http://www.chicagotribune.com/business/columnists/ct-nordstrom-trump-tweet-20170209-story.html, 
Airlines switch flight staff to save crew from limbo of Trump ban ..., http://www.chicagotribune.com/business/ct-airlines-staff-trump-order-20170130-story.html, 
Automakers remain silent as they walk a tightrope with Trump ..., http://www.chicagotribune.com/business/ct-automakers-trump-20170130-story.html, 
Companies from GE to Google face uneasy test of doing business ..., http://www.chicagotribune.com/business/ct-business-trump-executive-order-20170130-story.html, 
'Deeply concerned': Corporate America responds to Trump's ..., http://www.chicagotribune.com/business/ct-corporate-america-trump-immigration-ban-20170130-story.html, 
Visa change could affect doctors planning to serve neediest areas of ..., http://www.chicagotribune.com/business/ct-doctors-visas-suspended-0307-biz-20170306-story.html, 
"Never mind Trump, U.S. travel executives tell foreigners - Chicago ...", http://www.chicagotribune.com/business/ct-foreign-tourism-trump-20170609-story.html, 
Immigration lawyers swamped in wake of travel ban - Chicago Tribune, http://www.chicagotribune.com/business/ct-immigration-lawyers-trump-travel-ban-0208-biz-20170206-story.html, 
Slowdown in international visitors may be the 'Trump Slump' experts ..., http://www.chicagotribune.com/business/ct-international-tourists-trump-slump-20170911-story.html, 
Ad agency Leo Burnett uses #reverseforkindness to protest travel ban ..., http://www.chicagotribune.com/business/ct-leo-burnett-hashtag-0203-biz-20170202-story.html, 
"Chicago med students celebrate Match Day, though travel ban ...", http://www.chicagotribune.com/business/ct-match-day-rush-0318-biz-20170317-story.html, 
"Travel ban uncertainty worries hospitals, med students as Match Day ...", http://www.chicagotribune.com/business/ct-match-day-travel-ban-0212-biz-20170209-story.html, 
Qatar Airways joins Gulf carriers in getting off U.S. laptop ban list ..., http://www.chicagotribune.com/business/ct-mideast-airline-laptop-ban-20170705-story.html, 
Travel industry worries about the second Trump travel ban - Chicago ..., http://www.chicagotribune.com/business/ct-travel-industry-trump-travel-ban-20170313-story.html, 
Trump laments 'out of whack' air traffic system after meeting with ..., http://www.chicagotribune.com/business/ct-trump-airline-executives-meeting-20170209-story.html, 
Are the president's policies hurting the Trump hotels? - Chicago Tribune, http://www.chicagotribune.com/business/ct-trump-hotels-policies-20170227-story.html, 
Why Trump's immigration crackdown could sink U.S. home prices ..., http://www.chicagotribune.com/business/ct-trump-immigration-crackdown-home-prices-20170223-story.html, 
Trump slump? Signs of a drop in international tourism to U.S. ..., http://www.chicagotribune.com/business/ct-trump-international-tourism-drop-20170302-story.html, 
Donald Trump supporters call for Budweiser boycott over pro ..., http://www.chicagotribune.com/business/ct-trump-supporters-budweiser-boycott-20170206-story.html, 
"After Trump ban, fewer foreigners showing interest in travel to U.S. ...", http://www.chicagotribune.com/business/ct-trump-travel-ban-international-decline-0216-biz-20170215-story.html, 
No Trump slump in tourism but there could be a Trump bump ..., http://www.chicagotribune.com/business/ct-trump-us-tourism-20170717-story.html, 
Trump visa crackdown threatens medical miracle search - Chicago ..., http://www.chicagotribune.com/business/ct-trump-visa-crackdown-medical-research-20170215-story.html, 
Could air travelers be forced to expose their reading materials to TSA ..., http://www.chicagotribune.com/business/ct-tsa-reading-materials-20170703-story.html, 
Uber CEO challenged for Trump connection; Lyft to donate $1 million ..., http://www.chicagotribune.com/business/ct-uber-trump-lyft-aclu-20170129-story.html, 
"Facing Trump's immigration ban, corporations can't risk keeping silent ...", http://www.chicagotribune.com/business/la-fi-corporate-statements-20170130-story.html, 
Passengers will face tighter screening at airports — but can still carry ..., http://www.chicagotribune.com/business/la-na-essential-washington-updates-no-new-laptop-bans-but-travelers-will-1498671501-htmlstory.html, 
Full DHS intelligence report on threats posed by nations on Trump's ..., http://www.chicagotribune.com/ct-full-dhs-intelligence-report-on-trump-travel-ban-html-20170224-htmlstory.html, 
Spicer broke a federal rule when he hailed jobs report too soon after ..., http://www.chicagotribune.com/ct-spicer-jobs-report-release-20170310-htmlstory.html, 
Iranian director won't attend Oscars due to 'unjust conditions' of Trump ..., http://www.chicagotribune.com/entertainment/movies/ct-academy-awards-travel-ban-asghar-farhadi-20170129-story.html, 
"Iran's Asghar Farhadi, absent at Oscars, pleads for empathy in win for ...", http://www.chicagotribune.com/entertainment/movies/ct-oscars-the-iran-salesman-farhadi-20170226-story.html, 
"Jodie Foster, other celebs urge action at UTA Oscars rally: 'This is our ...", http://www.chicagotribune.com/entertainment/movies/la-et-mn-oscars-2017-uta-immigration-rally-20170224-story.html, 
'House of Cards' Season 5 speaks to Trump's America for better and ..., http://www.chicagotribune.com/entertainment/tv/ct-house-of-cards-season-5-review-20170530-story.html, 
Late-night hosts skewer Trump's immigration order with airport jokes ..., http://www.chicagotribune.com/entertainment/tv/ct-trump-immigration-late-night-hosts-20170131-story.html, 
John Oliver promises 'Last Week Tonight' won't be 'all Trump all the ..., http://www.chicagotribune.com/entertainment/tv/la-et-st-john-oliver-trump-administration-20170206-story.html, 
5 Things To Know Friday - Hartford Courant, http://www.chicagotribune.com/hc-five-things-friday-20170209-story.html, 
Opponents Of Trump's Travel Ban In Connecticut Predict Newest ..., http://www.chicagotribune.com/hc-pol-trump-new-travel-ban-20170925-story.html, 
Russia dismisses US contention that Syrian government may be ..., http://www.chicagotribune.com/la-app-syria-russia-chemical-weapons-20170627-story.html, 
"Paging Dr. Price, come to the White House courtesy phone. The ...", http://www.chicagotribune.com/la-ed-tom-price-out-of-favor-20170926-story.html, 
James Corden protests Trump's travel ban by showing how easy it is ..., http://www.chicagotribune.com/la-et-entertainment-news-updates-james-corden-protests-trump-s-travel-1485880615-htmlstory.html, 
President Trump calls Madonna 'disgusting' and 'Saturday Night Live ..., http://www.chicagotribune.com/la-et-entertainment-news-updates-president-trump-calls-madonna-1485537605-htmlstory.html, 
Watch Jon Stewart's brutal anti-Trump screed alongside Stephen ..., http://www.chicagotribune.com/la-et-entertainment-news-updates-watch-jon-stewart-s-brutal-anti-trump-1485965784-htmlstory.html, 
'What can cinema do?' Travel ban puts Oscar nominees for foreign ..., http://www.chicagotribune.com/la-et-mn-2017-oscars-foreign-language-nominees-20170222-story.html, 
"This visa-holding, pop culture-loving Muslim college kid is who ...", http://www.chicagotribune.com/la-et-ms-extreme-vetting-abdallah-20170131-story.html, 
Iraqis relieved to be left off Trump's new travel ban - LA Times, http://www.chicagotribune.com/la-fg-iraq-immigration-order-20170306-story.html, 
State Department will ban U.S. citizens from traveling to North Korea ..., http://www.chicagotribune.com/la-fg-norkor-travel-ban-20170721-story.html, 
Trump's message to Arab leaders: Do more to fight extremism - LA Times, http://www.chicagotribune.com/la-fg-trump-islam-20170522-story.html, 
Former Equifax CEO apologizes for data breach and details ways the ..., http://www.chicagotribune.com/la-fi-equifax-data-breach-20171002-story.html, 
ICYMI: A new absurdity from the gun lobby is the deregulation of ..., http://www.chicagotribune.com/la-fi-hiltzik-gun-silencers-20170110-story.html, 
U.S. weighs a ban on laptops on flights from Europe - LA Times, http://www.chicagotribune.com/la-fi-laptop-ban-20170511-story.html, 
Amazon CEO Jeff Bezos says company will support lawsuit against ..., http://www.chicagotribune.com/la-fi-tn-amazon-trump-lawsuit-20170131-story.html, 
L.A. responds to Trump travel ban with 'Everyone is welcome ..., http://www.chicagotribune.com/la-fi-tourism-campaign-trump-20170418-story.html, 
California Atty. Gen. Xavier Becerra says 9th Circuit got it right - LA ..., http://www.chicagotribune.com/la-live-updates-9th-circuit-arguments-1486689581-htmlstory.html, 
"Judges ask about limiting parts of the travel ban, rather than blocking it ...", http://www.chicagotribune.com/la-live-updates-9th-circuit-arguments-judges-ask-about-limiting-parts-of-the-1486511927-htmlstory.html, 
The 3 judges deciding whether to restore Trump's travel ban - LA Times, http://www.chicagotribune.com/la-live-updates-9th-circuit-arguments-the-3-judges-deciding-whether-to-1486495626-htmlstory.html, 
White House Press Secretary Sean Spicer downplays 9th Circuit Court ..., http://www.chicagotribune.com/la-live-updates-9th-circuit-arguments-white-house-press-secretary-sean-spicer-1486695543-htmlstory.html, 
Attorneys for Afghan family detained by immigration officials in Los ..., http://www.chicagotribune.com/la-me-afghan-family-lax-20170304-story.html, 
Will their loved ones be allowed in? L.A.'s Iranian community on edge ..., http://www.chicagotribune.com/la-me-iranians-travel-ban-20170629-story.html, 
"Despite heavy secrecy, portraits emerging of those detained at LAX ...", http://www.chicagotribune.com/la-me-lax-detainees-20170130-story.html, 
"For those detained at LAX under Trump's ban, hours of fear, chaos ...", http://www.chicagotribune.com/la-me-lax-immigration-20170129-story.html, 
"Protesters block LAX traffic, face off with police as they rally against ...", http://www.chicagotribune.com/la-me-lax-protest-20170129-story.html, 
Trump's travel ban leads to protests at LAX and beyond - LA Times, http://www.chicagotribune.com/la-me-ln-essential-california-20170130-story.html, 
San Bernardino's view of Trump's travel restrictions - LA Times, http://www.chicagotribune.com/la-me-ln-essential-california-20170202-story.html, 
L.A. federal judge orders a temporary halt to part of Trump's travel ban ..., http://www.chicagotribune.com/la-me-ln-federal-order-travel-ban-20170201-story.html, 
Iraqi refugee and cancer patient describes her six-hour detention at ..., http://www.chicagotribune.com/la-me-ln-iraqi-refugee-detained-20170130-story.html, 
L.A.-area Jewish leaders form coalition in response to Trump's ..., http://www.chicagotribune.com/la-me-ln-jewish-leaders-pledge-20170228-story.html, 
"California father, 12-year-old daughter stuck in Africa following Trump ...", http://www.chicagotribune.com/la-me-ln-los-bano-father-daughter-trump-travel-ban-20170131-story.html, 
California's travel ban against anti-LGBT states is keeping athletes ..., http://www.chicagotribune.com/la-me-ln-uc-lgbt-02212017-story.html, 
She was shot by a sniper in 1966. The Las Vegas massacre brings her ..., http://www.chicagotribune.com/la-me-lopez-guns-vegas-10022017-story.html, 
"For victims of San Bernardino terrorist attack, conflicting views about ...", http://www.chicagotribune.com/la-me-san-bernardino-trump-20170131-story.html, 
"Today: The Travel Ban Pushback at LAX, SFO, DFW, JFK, BOS … and ...", http://www.chicagotribune.com/la-me-todays-headlines-20170130-story.html, 
"Today: Mueller Under Fire, Sessions Under Oath - LA Times", http://www.chicagotribune.com/la-me-todays-headlines-20170613-story.html, 
"'So far I couldn't be happier.' Red California backs Trump, sees ...", http://www.chicagotribune.com/la-me-trump-california-20170201-story.html, 
'I'm not going to do it.' Police aren't eager to help Trump enforce ..., http://www.chicagotribune.com/la-me-trump-immigration-cops-20170130-story.html, 
LA city attorney demands list of people detained at LAX under Trump's ..., http://www.chicagotribune.com/la-me-trump-travel-lax-20170203-story.html, 
"Once again, the ACLU takes its place on the front lines of a liberal ...", http://www.chicagotribune.com/la-na-aclu-profile-20170131-story.html, 
Supporters and opponents of Trump's refugee ban take to social ..., http://www.chicagotribune.com/la-na-boycott-starbucks-twitter-20170130-story.html, 
Families divided by Trump's refugee order worry about the future - LA ..., http://www.chicagotribune.com/la-na-divided-families-20170128-story.html, 
Gorsuch is already pushing Supreme Court to the right on religion ..., http://www.chicagotribune.com/la-na-essential-washington-updates-1498693339-htmlstory.html, 
Trump wants to boost defense spending by 10% and cut social ..., http://www.chicagotribune.com/la-na-essential-washington-updates-201702-htmlstory.html, 
Immunity offer from Michael Flynn greeted with skepticism - LA Times, http://www.chicagotribune.com/la-na-essential-washington-updates-201703-htmlstory.html, 
Trump and 'Morning Joe' trade insults on Twitter - LA Times, http://www.chicagotribune.com/la-na-essential-washington-updates-201706-htmlstory.html, 
Adam Schiff views documents White House says back Trump ..., http://www.chicagotribune.com/la-na-essential-washington-updates-adam-schiff-views-documents-white-house-1491002341-htmlstory.html, 
"Facing pressure to attack, Gov. Jerry Brown explains his measured ...", http://www.chicagotribune.com/la-na-essential-washington-updates-amid-pressure-to-attack-jerry-brown-1490052702-htmlstory.html, 
"As court argument begins on travel ban, administration runs into ...", http://www.chicagotribune.com/la-na-essential-washington-updates-as-court-argument-begins-on-travel-ban-1486509646-htmlstory.html, 
'At least we have something in common': Trump makes a joke out of ..., http://www.chicagotribune.com/la-na-essential-washington-updates-at-least-we-have-something-in-common-1489776771-htmlstory.html, 
"Back in the spotlight, Hillary Clinton takes aim at Trump's budget - LA ...", http://www.chicagotribune.com/la-na-essential-washington-updates-back-in-the-spotlight-hillary-clinton-1490974147-htmlstory.html, 
Ben Carson refers to slaves as immigrants on his first day as Housing ..., http://www.chicagotribune.com/la-na-essential-washington-updates-ben-carson-referred-to-slaves-as-1488840623-htmlstory.html, 
Brander-in-chief role prompts new challenges for Trump - LA Times, http://www.chicagotribune.com/la-na-essential-washington-updates-donald-trump-campaigned-in-marketing-1486651631-htmlstory.html, 
Trump skirts Russia issue in a freewheeling news conference: 'I'm not ..., http://www.chicagotribune.com/la-na-essential-washington-updates-donald-trump-skirts-russia-issue-in-1487273055-htmlstory.html, 
Trump's press secretary says president stands by accusation that ..., http://www.chicagotribune.com/la-na-essential-washington-updates-donald-trump-s-press-secretary-says-1489701057-htmlstory.html, 
Trump levels extraordinary threat to 'fight' GOP right wing in 2018 ..., http://www.chicagotribune.com/la-na-essential-washington-updates-donald-trump-to-hard-right-republican-1490881371-htmlstory.html, 
Appeals court refuses to restore Trump's refugee and travel ban - LA ..., http://www.chicagotribune.com/la-na-essential-washington-updates-federal-appeals-court-declines-to-1486682754-htmlstory.html, 
Former national security advisor Michael Flynn seeks immunity - LA ..., http://www.chicagotribune.com/la-na-essential-washington-updates-former-national-security-adviser-1490920862-htmlstory.html, 
Hawaii judge extends national block of Trump's travel ban - LA Times, http://www.chicagotribune.com/la-na-essential-washington-updates-hawaii-judge-trump-travel-1490816530-htmlstory.html, 
Jeff Sessions asks 46 Obama-appointed U.S. attorneys to resign - LA ..., http://www.chicagotribune.com/la-na-essential-washington-updates-jeff-sessions-asks-46-obama-era-u-s-1489181229-htmlstory.html, 
Kellyanne Conway's husband reportedly picked for Justice ..., http://www.chicagotribune.com/la-na-essential-washington-updates-kellyanne-conway-s-husband-reportedly-1489892782-htmlstory.html, 
Trump's health chief says 'nobody' to suffer financially under health ..., http://www.chicagotribune.com/la-na-essential-washington-updates-nobody-to-be-hurt-financially-under-1489333154-htmlstory.html, 
Intelligence Committee chair Devin Nunes says Trump's wiretap claim ..., http://www.chicagotribune.com/la-na-essential-washington-updates-nunes-acceding-to-white-house-says-1488740259-htmlstory.html, 
"On eve of fired Justice Department official's testimony, Trump tweets ...", http://www.chicagotribune.com/la-na-essential-washington-updates-on-eve-of-fired-justice-official-s-1494159676-htmlstory.html, 
Conservative media is backing Trump's calls for a travel ban - LA Times, http://www.chicagotribune.com/la-na-essential-washington-updates-president-trump-wants-a-travel-ban-1496772681-htmlstory.html, 
Refugee advocates says even partial reinstatement of travel ban will ..., http://www.chicagotribune.com/la-na-essential-washington-updates-refugee-advocates-says-even-partial-1498505854-htmlstory.html, 
"Trump to call for return of human space exploration, report says - LA ...", http://www.chicagotribune.com/la-na-essential-washington-updates-report-trump-to-call-for-return-of-1488314072-htmlstory.html, 
"Revised travel ban is likely to come today, White House official says ...", http://www.chicagotribune.com/la-na-essential-washington-updates-revised-travel-ban-likely-monday-white-1488805315-htmlstory.html, 
Schiff says Nunes can't lead Russia inquiry and be a Trump surrogate ..., http://www.chicagotribune.com/la-na-essential-washington-updates-schiff-nunes-can-t-lead-russia-probe-1490218818-htmlstory.html, 
Sessions will face a tough job at Justice Department - and Trump isn't ..., http://www.chicagotribune.com/la-na-essential-washington-updates-sessions-will-face-a-tough-job-at-1486593614-htmlstory.html, 
Trump administration extends travel ban deadline for refugee ..., http://www.chicagotribune.com/la-na-essential-washington-updates-trump-administration-extends-travel-ban-1499304520-htmlstory.html, 
Trump administration files formal notice of appeal on court order ..., http://www.chicagotribune.com/la-na-essential-washington-updates-trump-administration-files-formal-1486254439-htmlstory.html, 
Trump administration to give green light to Keystone XL pipeline - LA ..., http://www.chicagotribune.com/la-na-essential-washington-updates-trump-administration-issues-1490356163-htmlstory.html, 
Trump calls for fundamental change in legal immigration - LA Times, http://www.chicagotribune.com/la-na-essential-washington-updates-trump-calls-for-fundamental-change-in-1488336711-htmlstory.html, 
"Trump says Merkel meeting was 'great,' then blasts Germany for NATO ...", http://www.chicagotribune.com/la-na-essential-washington-updates-trump-says-merkel-meeting-was-great-1489845711-htmlstory.html, 
Trump says Supreme Court action on travel ban gives him 'important ..., http://www.chicagotribune.com/la-na-essential-washington-updates-trump-says-supreme-court-action-on-1498495213-htmlstory.html, 
"Trump's lawyers make final plea to Supreme Court on travel ban, with ...", http://www.chicagotribune.com/la-na-essential-washington-updates-trump-s-lawyers-make-final-appeal-to-1498072363-htmlstory.html, 
Trump's tweets on London terrorist attack strike a combative tone - LA ..., http://www.chicagotribune.com/la-na-essential-washington-updates-trump-s-tweets-on-london-terror-attack-1496591214-htmlstory.html, 
Trump's unsubstantiated claim that Obama spied on him has now ..., http://www.chicagotribune.com/la-na-essential-washington-updates-trump-s-unsubstantiated-claim-of-obama-1489764812-htmlstory.html, 
Trump visits Supreme Court justices as the fate of his travel ban hangs ..., http://www.chicagotribune.com/la-na-essential-washington-updates-trump-visits-supreme-court-justices-as-1497554273-htmlstory.html, 
Trump vows to appeal ruling against his revised travel ban -- or ..., http://www.chicagotribune.com/la-na-essential-washington-updates-trump-vows-to-appeal-ruling-against-his-1489626832-htmlstory.html, 
Trump warns GOP: Vote for Obamacare repeal or lose your seat - LA ..., http://www.chicagotribune.com/la-na-essential-washington-updates-trump-warns-gop-vote-for-obamacare-1490110769-htmlstory.html, 
U.S. Atty. Preet Bharara of New York refuses to resign and says he ..., http://www.chicagotribune.com/la-na-essential-washington-updates-u-s-attorney-bharara-rejects-step-down-1489260132-htmlstory.html, 
State Department to ban Americans from traveling to North Korea - LA ..., http://www.chicagotribune.com/la-na-essential-washington-updates-u-s-to-ban-americans-from-traveling-to-1500637005-htmlstory.html, 
White House corrects Trump's tweet about Guantanamo detainees ..., http://www.chicagotribune.com/la-na-essential-washington-updates-white-house-corrects-trump-s-tweet-1488919783-htmlstory.html, 
White House: Trump doesn't question judicial independence - LA Times, http://www.chicagotribune.com/la-na-essential-washington-updates-white-house-trump-doesn-t-question-1486497973-htmlstory.html, 
Trump administration says it will go to Supreme Court after Hawaii ..., http://www.chicagotribune.com/la-na-hawaii-judge-travel-ban-07132017-story.html, 
Appeals court rejects Hawaii's request to let grandparents and other ..., http://www.chicagotribune.com/la-na-hawaii-judge-travel-ban-20170707-story.html, 
Judges sharply question attorneys for both sides on Trump's travel ban ..., http://www.chicagotribune.com/la-na-immigration-order-appeal-20170207-story.html, 
A flurry of legal arguments as appeals court decides whether Trump's ..., http://www.chicagotribune.com/la-na-immigration-order-legal-20170206-story.html, 
"At the nation's only Latino mosque, Trump's immigration policies have ...", http://www.chicagotribune.com/la-na-latino-muslims-2017-story.html, 
Muhammad Ali's son may sue after being detained at Florida airport ..., http://www.chicagotribune.com/la-na-muhammad-ali-son-detained-20170225-story.html, 
Only in New York: Bodega owners strike to protest travel ban - LA Times, http://www.chicagotribune.com/la-na-new-york-bodega-strike-20170203-story.html, 
U.S. 9th Circuit Court of Appeals is expected to decide quickly on ..., http://www.chicagotribune.com/la-na-ninth-circuit-travel-ban-20170205-story.html, 
Trump transition communications were swept up in U.S. spying on ..., http://www.chicagotribune.com/la-na-nunes-surveillance-htmlstory.html, 
Here are the major questions before the Supreme Court this fall - LA ..., http://www.chicagotribune.com/la-na-pol-court-cases-fall-2017-story.html, 
Supreme Court is asked to give an early verdict on Trump's travel ban ..., http://www.chicagotribune.com/la-na-pol-court-travel-trump-20170602-story.html, 
Trump administration lawyers urge Supreme Court to bring back his ..., http://www.chicagotribune.com/la-na-pol-court-trump-travel-ban-20170601-story.html, 
Presidents since George Washington have been signing executive ..., http://www.chicagotribune.com/la-na-pol-executive-orders-2017-story.html, 
House GOP gives up on healthcare bill as Trump suffers first ..., http://www.chicagotribune.com/la-na-pol-healthcare-bill-m-20170324-story.html, 
Homeland Security secretary says a border wall won't be built all at ..., http://www.chicagotribune.com/la-na-pol-kelly-travel-ban-20170207-story.html, 
Trump's ban on some U.S. entries sparks confusion and protest ..., http://www.chicagotribune.com/la-na-pol-refugee-policy-20170128-story.html, 
"Trump's election has mobilized a resistance like no other, but will ...", http://www.chicagotribune.com/la-na-pol-tea-party-democrats-20170423-story.html, 
Trump's lawyers are heading back to court to revive his foreign travel ..., http://www.chicagotribune.com/la-na-pol-travel-ban-legal-analysis-20170508-story.html, 
Trump's travel ban contains a tool that could change how the U.S. ..., http://www.chicagotribune.com/la-na-pol-travel-ban-leverage-20170306-story.html, 
Trump's early missteps threaten impressions of presidential ..., http://www.chicagotribune.com/la-na-pol-trump-analysis-20170131-story.html, 
Trump undercuts his lawyers with tweets about travel ban - LA Times, http://www.chicagotribune.com/la-na-pol-trump-court-tweets-20170605-story.html, 
"Trump to roll back parts of Obama's Cuba policy, but leave much intact ...", http://www.chicagotribune.com/la-na-pol-trump-cuba-20170615-story.html, 
Not just 'bad hombres': Trump is targeting up to 8 million people for ..., http://www.chicagotribune.com/la-na-pol-trump-deportations-20170204-story.html, 
"Bold promises, fewer results: Trump's executive orders don't always ...", http://www.chicagotribune.com/la-na-pol-trump-executive-orders-20170416-story.html, 
The real goal of Trump's executive orders: Reduce the number of ..., http://www.chicagotribune.com/la-na-pol-trump-foreigners-20170228-story.html, 
"Amid backlash, White House appears to back down on applying new ...", http://www.chicagotribune.com/la-na-pol-trump-green-card-reversal-20170129-story.html, 
Trump orders moves on border wall and 'sanctuary cities' and is ..., http://www.chicagotribune.com/la-na-pol-trump-immigration-20170125-story.html, 
Travel ban is the clearest sign yet of Trump advisors' intent to reshape ..., http://www.chicagotribune.com/la-na-pol-trump-immigration-20170129-story.html, 
Trump administration signals that some bans on U.S. entry could be ..., http://www.chicagotribune.com/la-na-pol-trump-immigration-20170131-story.html, 
Trump fires acting attorney general for refusing to defend legality of his ..., http://www.chicagotribune.com/la-na-pol-trump-immigration-justice-20170130-story.html, 
Everything President Trump had to say at his first solo news ..., http://www.chicagotribune.com/la-na-pol-trump-news-conference-transcript-20170216-story.html, 
"What Trump's moves on trade, abortion and federal hiring really do ...", http://www.chicagotribune.com/la-na-pol-trump-orders-explained-20170123-story.html, 
Trump attacks senator as debate over judiciary ensnares Supreme ..., http://www.chicagotribune.com/la-na-pol-trump-supreme-court-20170209-story.html, 
Trump orders new and narrower travel ban that goes into effect in 10 ..., http://www.chicagotribune.com/la-na-pol-trump-travel-ban-20170306-story.html, 
Europe's once-positive worldview of U.S. slips under Trump - LA Times, http://www.chicagotribune.com/la-na-pol-us-world-view-pew-study-20170627-story.html, 
Trump's travel ban has just hit refugees. Here's what that means for ..., http://www.chicagotribune.com/la-na-refugee-resettlement-qa-20170712-htmlstory.html, 
Supreme Court lets Trump administration reinstate travel ban ..., http://www.chicagotribune.com/la-na-supreme-court-travel-ban-20170719-story.html, 
'sanctuary' cities ban - Los Angeles Times, http://www.chicagotribune.com/la-na-texas-sanctuary-ban-20170626-story.html, 
Trump administration signals that some temporary bans on entry into ..., http://www.chicagotribune.com/la-na-trailguide-updates-1485885194-htmlstory.html, 
Trump fires Justice Department's top official after she refuses to defend ..., http://www.chicagotribune.com/la-na-trailguide-updates-justice-department-will-not-defend-1485820835-htmlstory.html, 
Unknown number of U.S. permanent residents stuck overseas as a ..., http://www.chicagotribune.com/la-na-trailguide-updates-unknown-number-of-u-s-permanent-1485627539-htmlstory.html, 
U.S. diplomats to protest Trump's travel ban order - LA Times, http://www.chicagotribune.com/la-na-trailguide-updates-u-s-diplomats-protest-trump-s-travel-1485790860-htmlstory.html, 
White House aides who wrote Trump's travel ban ... - Los Angeles Times, http://www.chicagotribune.com/la-na-trailguide-updates-white-house-aides-who-wrote-trump-s-1485877271-htmlstory.html, 
White House seems to back down on part of new vetting policy - LA ..., http://www.chicagotribune.com/la-na-trailguide-updates-white-house-seems-to-back-down-on-part-1485713844-htmlstory.html, 
"As travel ban goes into effect, debate ensues over who counts as ...", http://www.chicagotribune.com/la-na-travel-ban-20170629-story.html, 
Trump administration appeals halt of travel ban - LA Times, http://www.chicagotribune.com/la-na-travel-ban-appeal-20170317-story.html, 
What's at stake as Trump gets to 'see you in court' over the travel ban ..., http://www.chicagotribune.com/la-na-travel-ban-appeals-courts-2017-htmlstory.html, 
Federal judge in Hawaii blocks new travel ban nationwide; Trump ..., http://www.chicagotribune.com/la-na-travel-ban-court-20170315-story.html, 
Who is in and who is out under the revived travel ban - LA Times, http://www.chicagotribune.com/la-na-travel-ban-impact-20170630-htmlstory.html, 
A Pakistani Christian family is scheduled to arrive in the U.S. next ..., http://www.chicagotribune.com/la-na-travel-ban-refugees-20170628-story.html, 
Virginia federal judge rules in favor of Trump's travel ban - LA Times, http://www.chicagotribune.com/la-na-travel-ban-trump-20170324-story.html, 
"Appeals court rules against Trump administration, relaxing travel ban ...", http://www.chicagotribune.com/la-na-travel-ban-trump-2017-story.html, 
Senate intelligence committee sees no evidence for Trump's ..., http://www.chicagotribune.com/la-na-trump-russia-htmlstory.html, 
Dozens of suits have been filed against Trump's sweeping travel ban ..., http://www.chicagotribune.com/la-na-trump-travel-ban-story-so-far-20170206-story.html, 
A Muslim and a Jew urge the Supreme Court to strike down the ..., http://www.chicagotribune.com/la-oe-yaroslavsky-marayati-muslim-ban-20170710-story.html, 
The White House's most powerful person isn't Donald Trump. That's ..., http://www.chicagotribune.com/la-ol-le-steve-bannon-steve-miller-20170203-story.html, 
"Another terror attack, another thoughtless Trump tweetstorm - LA Times", http://www.chicagotribune.com/la-ol-trump-london-20170604-story.html, 
Essential Politics: State Atty. Gen. Xavier Becerra to open Washington ..., http://www.chicagotribune.com/la-pol-ca-essential-politics-updates-201702-htmlstory.html, 
California Democrats want answers about alleged coercion at LAX ..., http://www.chicagotribune.com/la-pol-ca-essential-politics-updates-california-democrats-want-answers-on-1486414086-htmlstory.html, 
California Atty. Gen. Xavier Becerra joins amicus brief in second ..., http://www.chicagotribune.com/la-pol-ca-essential-politics-updates-california-files-brief-in-second-1486599699-htmlstory.html, 
California politicians react strongly to the 9th Circuit decision to block ..., http://www.chicagotribune.com/la-pol-ca-essential-politics-updates-california-politicians-react-strongly-1486686443-htmlstory.html, 
"As California Democrats blast Trump's refugee order, Republicans in ...", http://www.chicagotribune.com/la-pol-ca-essential-politics-updates-california-s-congressional-delegation-1485728860-htmlstory.html, 
"Warring with the special counsel, Trump digs himself deeper - LA Times", http://www.chicagotribune.com/la-pol-essential-politics-20170616-story.html, 
Here's everything you need to know about Trump's first week in office ..., http://www.chicagotribune.com/la-pol-everything-trump-first-week-20170128-story.html, 
"Protests, firings and hirings: All the major events of Trump's second ...", http://www.chicagotribune.com/la-pol-trump-event-second-week-20170203-story.html, 
"From wiretap accusations to travel ban 2.0, here's what Trump did this ...", http://www.chicagotribune.com/la-pol-trump-everything-know-20170307-story.html, 
Here's a recap of Trump's third week in office - LA Times, http://www.chicagotribune.com/la-pol-trump-third-week-20170207-story.html, 
"Another Trump tweet about the travel ban, plus political correctness ...", http://www.chicagotribune.com/la-pol-updates-everything-president-1496712611-htmlstory.html, 
"Trump tweets about hosting congressional picnic, where he called for ...", http://www.chicagotribune.com/la-pol-updates-everything-president-1498185450-htmlstory.html, 
Trump touts effort to combat human trafficking - LA Times, http://www.chicagotribune.com/la-pol-updates-everything-president-trump-touts-effort-to-combat-human-1487985615-htmlstory.html, 
"Trump blocks Stephen King on Twitter, but J.K. Rowling comes to his ...", http://www.chicagotribune.com/lifestyles/books/ct-trump-blocks-stephen-king-on-twitter-20170613-story.html, 
Trump travel ban could hurt medical visits to U.S. - Chicago Tribune, http://www.chicagotribune.com/lifestyles/travel/ct-trump-hospital-travel-0201-biz-20170131-story.html, 
Justice Department faces tough questions over travel ban - Chicago ..., http://www.chicagotribune.com/lifestyles/travel/sns-bc-us--travel-ban-20170828-story.html, 
Appeals court: Grandparents not part of Trump's travel ban - Chicago ..., http://www.chicagotribune.com/lifestyles/travel/sns-bc-us--travel-ban-20170907-story.html, 
Appeals court: Grandparents not part of Trump's travel ban - Chicago ..., http://www.chicagotribune.com/lifestyles/travel/sns-bc-us--travel-ban-20170908-story.html, 
Syrian family looks ahead after chaotic immigration - The Morning Call, http://www.chicagotribune.com/mc-allentown-syrian-family-day-two-what-next-20170207-story.html, 
Suit seeks Allentown-bound Syrian family's return to U.S. - The ..., http://www.chicagotribune.com/mc-allentown-syrian-family-files-immigration-lawsuit-20170131-story.html, 
Tears and hugs as Syrian family is reunited with Allentown relatives ..., http://www.chicagotribune.com/mc-allentown-syrian-family-lands-in-usa-0206-20170206-story.html, 
"In Allentown's Syrian community, a divide over Trump's travel ban ...", http://www.chicagotribune.com/mc-allentown-syrians-react-to-trump-20170130-story.html, 
Iranian ban on US wrestlers affects former Lehigh national champion ..., http://www.chicagotribune.com/mc-iran-usa-wrestling-rey-lehigh-20170203-story.html, 
Two GOP congressmen from Pa. among a small group opposing ..., http://www.chicagotribune.com/mc-trump-travel-ban-pa-legislators-20170129-story.html, 
Seattle federal judge orders nationwide halt to immigration ban - LA ..., http://www.chicagotribune.com/nation/la-na-seattle-immigration-trump-20170203-story.html, 
Trump's immigration order revives horrible memories for Chicago ..., http://www.chicagotribune.com/news/chicagoinc/ct-holocaust-survivors-diss-trump-0203-chicago-inc-20170202-story.html, 
Illinois Democrats in Congress lash out at Trump's immigration order ..., http://www.chicagotribune.com/news/ct-illinois-congressmen-trump-immigration-met-0130-20170130-story.html, 
"New travel ban brings little relief, Chicago activists say - Chicago ...", http://www.chicagotribune.com/news/ct-travel-ban-chicago-react-met-20170306-story.html, 
Sisters among last refugees to arrive at O'Hare as 120-day ban takes ..., http://www.chicagotribune.com/news/ct-travel-ban-congo-refugees-met-20170202-story.html, 
Supreme Court travel ban ruling changes little for Illinois refugees ..., http://www.chicagotribune.com/news/immigration/ct-travel-ban-chicago-reaction-met-20170626-story.html, 
Chicago immigration attorney: 'Get back to the states as soon as ..., http://www.chicagotribune.com/news/local/breaking/ct-chicago-immigration-attorney-get-back-to-the-states-as-soon-as-possible-20170204-story.html, 
"Universities advise some students, scholars not to travel abroad ...", http://www.chicagotribune.com/news/local/breaking/ct-higher-education-immigration-met-20170130-story.html, 
Up to 50 held at O'Hare on Monday for Trump immigration ban ..., http://www.chicagotribune.com/news/local/breaking/ct-immigration-ban-ohare-0131-20170130-story.html, 
The story behind the viral photo of Muslim and Jewish children ..., http://www.chicagotribune.com/news/local/breaking/ct-jewish-muslim-fathers-viral-photo-met-20170131-story.html, 
Jordanian teen sent to Chicago for detainment after being held in ..., http://www.chicagotribune.com/news/local/breaking/ct-jordanian-teen-detained-chicago-20170131-story.html, 
"Chicagoans decry travel restrictions as family, friends held at O'Hare ...", http://www.chicagotribune.com/news/local/breaking/ct-ohare-immigration-met-20170129-story.html, 
Travelers whose visas were canceled now being allowed at O'Hare ..., http://www.chicagotribune.com/news/local/breaking/ct-ohare-travel-ban-lifted-met-20170205-story.html, 
"Fear, anger at O'Hare: Travelers freed after being held over Trump ...", http://www.chicagotribune.com/news/local/breaking/ct-several-reportedly-detained-at-o-hare-international-airport-20170128-story.html, 
Immigration advocates gather at O'Hare as partial travel ban takes effect, http://www.chicagotribune.com/news/local/breaking/ct-travel-ban-airport-met-20170629-story.html, 
2 stranded overseas by Trump travel ban allowed to return to Chicago ..., http://www.chicagotribune.com/news/local/breaking/ct-trump-immigration-ban-court-met-20170201-story.html, 
Two lawsuits in Chicago challenge Trump travel ban - Chicago Tribune, http://www.chicagotribune.com/news/local/breaking/ct-trump-travel-ban-chicago-lawsuit-met-20170131-story.html, 
"Chicago, Skokie among cities asking federal judge to keep Trump ...", http://www.chicagotribune.com/news/local/breaking/ct-trump-travel-ban-chicago-skokie-20170217-story.html, 
Protesters call for reversal of Trump travel ban order: 'We will not stand ..., http://www.chicagotribune.com/news/local/breaking/ct-trump-travel-ban-protest-0202-20170201-story.html, 
Rauner avoids taking stand on Trump refugee executive order ..., http://www.chicagotribune.com/news/local/politics/ct-bruce-rauner-donald-trump-syrian-refugees-executive-order-20170129-story.html, 
Lisa Madigan presses Rauner to oppose Trump immigration push ..., http://www.chicagotribune.com/news/local/politics/ct-lisa-madigan-bruce-rauner-trump-immigration-met-0207-20170206-story.html, 
"Rep. Roskam blames Trump, presidential campaign, social media for ...", http://www.chicagotribune.com/news/local/politics/ct-peter-roskam-city-club-met-20170306-story.html, 
Merkel to seek common ground with Trump 'wherever possible ..., http://www.chicagotribune.com/news/nationworld/ct-angela-merkel-donald-trump-20170206-story.html, 
"State Department says fewer than 60,000 visas canceled under Trump ...", http://www.chicagotribune.com/news/nationworld/ct-canceled-visas-state-department-20170203-story.html, 
Court vili?ed by Trump set to hear travel ban case - Chicago Tribune, http://www.chicagotribune.com/news/nationworld/ct-court-trump-travel-ban-case-20170514-story.html, 
"Cuba hardliners, US defenders battle over new Trump policy ...", http://www.chicagotribune.com/news/nationworld/ct-cuba-trump-policy-20170613-story.html, 
Bernie Sanders calls Trump a 'pathological liar'; Al Franken says some ..., http://www.chicagotribune.com/news/nationworld/ct-democrats-donald-trump-20170212-story.html, 
DHS intelligence report disputes threat posed by 7 travel ban nations ..., http://www.chicagotribune.com/news/nationworld/ct-dhs-report-travel-ban-nations-20170224-story.html, 
Document: Judge in Hawaii halts Trump's second travel ban - Chicago ..., http://www.chicagotribune.com/news/nationworld/ct-document-judge-in-hawaii-halts-trump-travel-ban-20170315-htmlstory.html, 
Protests erupt across the U.S. as thousands rally against Trump ..., http://www.chicagotribune.com/news/nationworld/ct-donald-trump-refugee-ban-rallies-20170129-story.html, 
Court's ruling on travel ban is the kind of setback that prompts ..., http://www.chicagotribune.com/news/nationworld/ct-donald-trump-travel-ban-analysis-20170211-story.html, 
European leaders oppose Trump travel ban; far right applauds ..., http://www.chicagotribune.com/news/nationworld/ct-donald-trump-visa-ban-world-leaders-react-20170129-story.html, 
Lawyer: Iranian family thrilled baby to get life-saving heart surgery in ..., http://www.chicagotribune.com/news/nationworld/ct-fatemeh-reshad-iran-20170204-story.html, 
George W. Bush on Trump and Russia: 'We all need answers ..., http://www.chicagotribune.com/news/nationworld/ct-george-w-bush-on-trump-20170227-story.html, 
"Hawaii fears travel ban could jeopardize tourism, the state's main ...", http://www.chicagotribune.com/news/nationworld/ct-hawaii-travel-ban-tourism-20170315-story.html, 
"Amid immigration setbacks, one Trump strategy seems to be working ...", http://www.chicagotribune.com/news/nationworld/ct-immigration-trump-strategy-fear-20170430-story.html, 
Iran bans travel of U.S. wrestlers in response to Trump's visa order ..., http://www.chicagotribune.com/news/nationworld/ct-iran-bans-wrestlers-trump-order-20170203-story.html, 
"Iranian-Americans feel stuck, confused, afraid of travel ban - Chicago ...", http://www.chicagotribune.com/news/nationworld/ct-iranian-americans-travel-ban-20170205-story.html, 
Iran tests first ballistic missile since Trump took office - LA Times, http://www.chicagotribune.com/news/nationworld/ct-iran-missile-test-20170130-story.html, 
Iraqi interpreter says he's 'blessed' to be in U.S. after Trump travel ban ..., http://www.chicagotribune.com/news/nationworld/ct-iraqi-interpreter-arrives-in-us-20170203-story.html, 
'reciprocity measure' in response to US travel ban - Chicago Tribune, http://www.chicagotribune.com/news/nationworld/ct-iraq-travel-ban-americans-donald-trump-20170130-story.html, 
Federal judge blocks Trump order to withhold sanctuary city money ..., http://www.chicagotribune.com/news/nationworld/ct-judge-blocks-order-sanctuary-money-20170425-story.html, 
Trump's Twitter criticism of judge shows limits of staff's influence ..., http://www.chicagotribune.com/news/nationworld/ct-judge-james-robart-trump-20170204-story.html, 
Maine GOP governor sues Democratic attorney general for not ..., http://www.chicagotribune.com/news/nationworld/ct-maine-governor-sues-attorney-general-20170501-story.html, 
Mosque shooting suspect in Canada known for far-right views ..., http://www.chicagotribune.com/news/nationworld/ct-mosque-shooting-quebec-city-20170130-story.html, 
Former North Carolina police chief says he was detained at JFK ..., http://www.chicagotribune.com/news/nationworld/ct-north-carolina-police-chief-detained-jfk-airport-20170319-story.html, 
U.N. approves watered-down new sanctions against North Korea ..., http://www.chicagotribune.com/news/nationworld/ct-north-korea-sanctions-20170911-story.html, 
U.S. to ban Americans from traveling to North Korea - Chicago Tribune, http://www.chicagotribune.com/news/nationworld/ct-north-korea-travel-ban-20170721-story.html, 
"U.S. says North Korea travel ban will start Sept. 1, urges Americans to ...", http://www.chicagotribune.com/news/nationworld/ct-north-korea-travel-ban-20170802-story.html, 
"U.S. to exempt journalists, aid workers from North Korea travel ban ...", http://www.chicagotribune.com/news/nationworld/ct-north-korea-travel-ban-exemptions-20170801-story.html, 
Pew report: More than 2.5 million immigrants live illegally in Chicago ..., http://www.chicagotribune.com/news/nationworld/ct-pew-illegal-immigrants-20170210-story.html, 
Priebus: Lawful permanent residents aren't affected by Trump's ..., http://www.chicagotribune.com/news/nationworld/ct-priebus-trump-executive-order-20170129-story.html, 
872 'hardship' case refugees to come to U.S. post-Trump travel ban ..., http://www.chicagotribune.com/news/nationworld/ct-refugee-hardship-cases-trump-order-20170131-story.html, 
Far fewer refugees entering U.S. despite travel ban setbacks ..., http://www.chicagotribune.com/news/nationworld/ct-refugees-travel-ban-20170510-story.html, 
San Francisco sues Trump over 'sanctuary city' funding cuts - Chicago ..., http://www.chicagotribune.com/news/nationworld/ct-san-francisco-sues-trump-sanctuary-city-20170131-story.html, 
"Supreme Court to decide on gerrymandering, religious liberty, with ...", http://www.chicagotribune.com/news/nationworld/ct-supreme-court-kennedy-20170928-story.html, 
First Monday in October: New Supreme Court term begins - Chicago ..., http://www.chicagotribune.com/news/nationworld/ct-supreme-court-term-20171002-story.html, 
Trump's revised travel ban faces legal challenges in courtrooms on ..., http://www.chicagotribune.com/news/nationworld/ct-travel-ban-legal-challenges-20170507-story.html, 
"Travel ban throws research, academic exchange into turmoil ...", http://www.chicagotribune.com/news/nationworld/ct-travel-ban-research-academic-20170131-story.html, 
More court challenges expected for Trump's scaled-back travel ban ..., http://www.chicagotribune.com/news/nationworld/ct-travel-ban-takes-effect-20170629-story.html, 
"Trump defends immigration restrictions, wants people 'who love our ...", http://www.chicagotribune.com/news/nationworld/ct-trump-centcom-visit-20170206-story.html, 
Countries where Trump does business are not hit by new travel ..., http://www.chicagotribune.com/news/nationworld/ct-trump-immigration-conflicts-20170128-story.html, 
What you need to know about the Trump administration's new ..., http://www.chicagotribune.com/news/nationworld/ct-trump-immigration-rules-explained-20170222-story.html, 
"Trump criticizes London mayor in morning tweets, denounces 'horrific ...", http://www.chicagotribune.com/news/nationworld/ct-trump-london-mayor-20170604-story.html, 
Trump order aimed at refugees from Muslim countries sparks ..., http://www.chicagotribune.com/news/nationworld/ct-trump-migrants-grounded-20170128-story.html, 
Supporters of Trump say they are happy with travel ban - Chicago ..., http://www.chicagotribune.com/news/nationworld/ct-trump-supporters-travel-ban-20170130-story.html, 
Officials: New Trump travel ban removes Iraq from list - Chicago Tribune, http://www.chicagotribune.com/news/nationworld/ct-trump-travel-ban-20170301-story.html, 
Trump administration files notice to appeal Maryland ruling on revised ..., http://www.chicagotribune.com/news/nationworld/ct-trump-travel-ban-20170317-story.html, 
9th Circuit puts Trump's travel ban on fast-track review - LA Times, http://www.chicagotribune.com/news/nationworld/ct-trump-travel-ban-20170403-story.html, 
Trump says travel ban ruling comes at 'dangerous time' - Chicago ..., http://www.chicagotribune.com/news/nationworld/ct-trump-travel-ban-20170613-story.html, 
Supreme Court ruling on travel ban leaves myriad questions ..., http://www.chicagotribune.com/news/nationworld/ct-trump-travel-ban-20170627-story.html, 
'What universe does that come from?' Judges criticize travel ban ..., http://www.chicagotribune.com/news/nationworld/ct-trump-travel-ban-appeals-court-20170829-story.html, 
Why did the U.S. travel ban add counterterrorism partner Chad? No ..., http://www.chicagotribune.com/news/nationworld/ct-trump-travel-ban-chad-20170925-story.html, 
Travel ban decision in hands of federal appeals court; no ruling ..., http://www.chicagotribune.com/news/nationworld/ct-trump-travel-ban-decision-20170208-story.html, 
Trump travel ban begins to deter foreign tourists from U.S. - Chicago ..., http://www.chicagotribune.com/news/nationworld/ct-trump-travel-ban-deters-tourists-20170306-story.html, 
Federal judge stays deportations after Trump's order barring refugees ..., http://www.chicagotribune.com/news/nationworld/ct-trump-travel-ban-emergency-stay-20170128-story.html, 
Trump administration says travel ban is religiously neutral - Chicago ..., http://www.chicagotribune.com/news/nationworld/ct-trump-travel-ban-hawaii-lawsuit-20170407-story.html, 
Federal judge declines to immediately apply freeze of first Trump ..., http://www.chicagotribune.com/news/nationworld/ct-trump-travel-ban-lawsuit-20170310-story.html, 
Muslim civil rights group challenges Trump travel ban - Chicago Tribune, http://www.chicagotribune.com/news/nationworld/ct-trump-travel-ban-muslim-group-lawsuit-20170130-story.html, 
Questions and answers about upcoming travel ban order - Chicago ..., http://www.chicagotribune.com/news/nationworld/ct-trump-travel-ban-qanda-20170301-story.html, 
Federal judge in Seattle temporarily blocks Trump's travel ban ..., http://www.chicagotribune.com/news/nationworld/ct-trump-travel-ban-ruling-20170203-story.html, 
Judge: Revised Trump ban can't be enforced on Syrian family trying to ..., http://www.chicagotribune.com/news/nationworld/ct-trump-travel-ban-syrian-family-wisconsin-20170310-story.html, 
Visa holders hurry to board flights to U.S. amid travel ban reprieve ..., http://www.chicagotribune.com/news/nationworld/ct-trump-travel-ban-visas-20170204-story.html, 
"No new threat led to airline laptop limits, officials say - Chicago Tribune", http://www.chicagotribune.com/news/nationworld/ct-us-electronic-device-ban-20170321-story.html, 
"Among veterans, raw responses to Trump's executive order - Chicago ...", http://www.chicagotribune.com/news/nationworld/ct-veteran-response-to-trump-executive-order-20170129-story.html, 
Washington is first state to sue Trump over immigration order ..., http://www.chicagotribune.com/news/nationworld/ct-washington-state-lawsuit-trump-travel-ban-20170130-story.html, 
"For Syrians stuck in limbo in Lebanon, Trump's ban will mean harder ...", http://www.chicagotribune.com/news/nationworld/la-fg-lebanon-syrians-20170131-story.html, 
Why Gulf Arab leaders are welcoming Trump's transactional foreign ..., http://www.chicagotribune.com/news/nationworld/la-fg-trump-arabs-20170519-story.html, 
Donald Trump fires acting attorney general who refused to defend ..., http://www.chicagotribune.com/news/nationworld/politics/ct-acting-attorney-general-justice-department-trump-refugee-order-20170130-story.html, 
Trump's comments on Muslims at center of travel ban case - Chicago ..., http://www.chicagotribune.com/news/nationworld/politics/ct-appeals-court-travel-ban-20170508-story.html, 
"Democrats join protests against Trump order, vow bill to block travel ban", http://www.chicagotribune.com/news/nationworld/politics/ct-democrats-protests-trump-order-20170129-story.html, 
"Democrats escalate their attacks on Trump, while Republicans accuse ...", http://www.chicagotribune.com/news/nationworld/politics/ct-democrats-trump-immigration-order-20170130-story.html, 
Trump wants to enlist local police in immigration crackdown - Chicago ..., http://www.chicagotribune.com/news/nationworld/politics/ct-donald-trump-immigration-crackdown-police-20170129-story.html, 
"In tweets, Trump defends immigration order amid questions and ...", http://www.chicagotribune.com/news/nationworld/politics/ct-donald-trump-refugee-ban-airport-protests-20170130-story.html, 
Federal appeals court schedules hearing for Tuesday on Trump's ..., http://www.chicagotribune.com/news/nationworld/politics/ct-donald-trump-travel-ban-20170206-story.html, 
What happens if Trump decides to ignore a judge's ruling? - Chicago ..., http://www.chicagotribune.com/news/nationworld/politics/ct-donald-trump-travel-ban-analysis-20170205-story.html, 
"Amid protests and confusion, Trump defends executive order: 'This is ...", http://www.chicagotribune.com/news/nationworld/politics/ct-donald-trump-travel-ban-court-judge-20170129-story.html, 
Democratic attorneys general in 4 states challenge Trump's travel ban ..., http://www.chicagotribune.com/news/nationworld/politics/ct-donald-trump-travel-ban-lawsuits-washington-massachusetts-20170131-story.html, 
Meet the Bush-appointed federal judge who halted Trump's executive ..., http://www.chicagotribune.com/news/nationworld/politics/ct-federal-judge-james-robart-ruling-20170204-story.html, 
"Trump asked for a 'Muslim ban,' Giuliani says - and ordered a ...", http://www.chicagotribune.com/news/nationworld/politics/ct-giuliani-trump-muslim-ban-20170129-story.html, 
Gorsuch says Trump's attacks on judiciary are 'demoralizing' and ..., http://www.chicagotribune.com/news/nationworld/politics/ct-gorsuch-trump-tweets-20170208-story.html, 
Hawaii lawmakers criticize Sessions' island judge remarks - Chicago ..., http://www.chicagotribune.com/news/nationworld/politics/ct-hawaii-jeff-sessions-trump-travel-ban-20170420-story.html, 
Hawaii planning to challenge Trump's revised travel ban - Chicago ..., http://www.chicagotribune.com/news/nationworld/politics/ct-hawaii-lawsuit-trump-travel-ban-20170307-story.html, 
Judge rejects Hawaii bid to exempt relatives from Trump's travel ban ..., http://www.chicagotribune.com/news/nationworld/politics/ct-hawaii-trump-travel-ban-ruling-20170706-story.html, 
Homeland Security secretary takes responsibility for travel ban's ..., http://www.chicagotribune.com/news/nationworld/politics/ct-homeland-security-secretary-john-kelly-travel-ban-20170207-story.html, 
Jeff Sessions faces a tough job as the new attorney general — and ..., http://www.chicagotribune.com/news/nationworld/politics/ct-jeff-sessions-attorney-general-20170208-story.html, 
'I misspoke one word': Kellyanne Conway calls her critics 'haters' after ..., http://www.chicagotribune.com/news/nationworld/politics/ct-kellyanne-conway-haters-bowling-green-massacre-20170204-story.html, 
Gold Star father Khizr Khan canceled speech in Toronto after being ..., http://www.chicagotribune.com/news/nationworld/politics/ct-khizr-khan-travel-privileges-20170306-story.html, 
New Trump entry ban expected to be unveiled on Monday - Chicago ..., http://www.chicagotribune.com/news/nationworld/politics/ct-new-trump-entry-ban-20170304-story.html, 
U.S. weighs travel ban on North Korea after death of Otto Warmbier ..., http://www.chicagotribune.com/news/nationworld/politics/ct-otto-warmbier-north-korea-trump-20170620-story.html, 
Some Republicans decry Trump's travel ban; Ryan offers defense ..., http://www.chicagotribune.com/news/nationworld/politics/ct-republicans-trump-travel-ban-20170128-story.html, 
Trump's revised travel ban targets same 7 Muslim-majority countries ..., http://www.chicagotribune.com/news/nationworld/politics/ct-revised-travel-ban-trump-20170219-story.html, 
More than 100 diplomats have signed dissent memo in State ..., http://www.chicagotribune.com/news/nationworld/politics/ct-state-department-memo-trump-refugees-policy-20170130-story.html, 
"15 states, D.C. sue Trump administration over ending DACA - Chicago ...", http://www.chicagotribune.com/news/nationworld/politics/ct-states-sue-trump-daca-20170906-story.html, 
"Trump adviser Stephen Miller defends travel ban, advances false voter ...", http://www.chicagotribune.com/news/nationworld/politics/ct-stephen-miller-travel-ban-voter-fraud-20170212-story.html, 
Judge expands list of relatives exempted from Trump's travel ban ..., http://www.chicagotribune.com/news/nationworld/politics/ct-travel-ban-20170714-story.html, 
Federal judge in Hawaii extends order halting Trump's travel ban ..., http://www.chicagotribune.com/news/nationworld/politics/ct-travel-ban-arguments-hawaii-judge-20170329-story.html, 
4 claims the Trump White House made about its travel ban that now ..., http://www.chicagotribune.com/news/nationworld/politics/ct-travel-ban-claims-20170306-story.html, 
Hawaii formally files lawsuit to stop Trump's revised travel ban; federal ..., http://www.chicagotribune.com/news/nationworld/politics/ct-travel-ban-hawaii-lawsuit-20170308-story.html, 
Limited version of Trump's travel ban to take effect Thursday - Chicago ..., http://www.chicagotribune.com/news/nationworld/politics/ct-travel-ban-supreme-court-20170626-story.html, 
Travel ban is the clearest sign yet of Trump advisers' intent to reshape ..., http://www.chicagotribune.com/news/nationworld/politics/ct-trump-advisors-travel-ban-20170129-story.html, 
Trump appeals Hawaii judge's new ruling blocking travel ban ..., http://www.chicagotribune.com/news/nationworld/politics/ct-trump-appeals-travel-ban-20170330-story.html, 
Trump's pardon of controversial Arizona ex-sheriff Arpaio fits a pattern ..., http://www.chicagotribune.com/news/nationworld/politics/ct-trump-arpaio-20170826-story.html, 
Trump's plans for a state visit to Britain may be in doubt amid backlash ..., http://www.chicagotribune.com/news/nationworld/politics/ct-trump-britain-visit-20170611-story.html, 
"As judges weigh travel ban, Trump asserts that courts are 'so political ...", http://www.chicagotribune.com/news/nationworld/politics/ct-trump-defends-travel-ban-20170208-story.html, 
Trump will carry baggage from home on first international trip ..., http://www.chicagotribune.com/news/nationworld/politics/ct-trump-first-foreign-trip-20170518-story.html, 
Did planned protests scuttle Trump visit to Milwaukee's Harley ..., http://www.chicagotribune.com/news/nationworld/politics/ct-trump-harley-davidson-20170202-story.html, 
Trump administration shifts away from 'insurance for everybody' - LA ..., http://www.chicagotribune.com/news/nationworld/politics/ct-trump-health-care-20170314-story.html, 
Trump sends mixed signals on immigration reform - Chicago Tribune, http://www.chicagotribune.com/news/nationworld/politics/ct-trump-immigration-20170228-story.html, 
"Fallout over immigration order reveals White House, GOP rifts ...", http://www.chicagotribune.com/news/nationworld/politics/ct-trump-immigration-order-fallout-20170130-story.html, 
Trump says he's considering writing 'brand new' executive order on ..., http://www.chicagotribune.com/news/nationworld/politics/ct-trump-immigration-order-rewrite-20170210-story.html, 
"Trump immigration, sanctuary city policies face first big legislative test ...", http://www.chicagotribune.com/news/nationworld/politics/ct-trump-immigration-sanctuary-city-laws-20170628-story.html, 
Trump returns from Paris to face growing legislative and legal ..., http://www.chicagotribune.com/news/nationworld/politics/ct-trump-legislative-legal-problems-20170714-story.html, 
Trump points his finger in case of a terrorist attack - Chicago Tribune, http://www.chicagotribune.com/news/nationworld/politics/ct-trump-media-extremist-attacks-20170206-story.html, 
Officials worry that U.S. counterterrorism defenses will be weakened ..., http://www.chicagotribune.com/news/nationworld/politics/ct-trump-order-counterterrorism-defense-20170129-story.html, 
Trump administration circulates more draft immigration restrictions ..., http://www.chicagotribune.com/news/nationworld/politics/ct-trump-orders-immigrants-20170131-story.html, 
"Supreme Court allows Trump travel ban enforcement, but says it must ...", http://www.chicagotribune.com/news/nationworld/politics/ct-trump-refugee-ban-20170719-story.html, 
Trump considering even stricter cap on number of refugees allowed ..., http://www.chicagotribune.com/news/nationworld/politics/ct-trump-refugees-20170921-story.html, 
"As Trump lashes out, Republicans grow uneasy - Chicago Tribune", http://www.chicagotribune.com/news/nationworld/politics/ct-trump-republicans-20170605-story.html, 
How Trump's weekend at N.J. golf club slowed response to Puerto ..., http://www.chicagotribune.com/news/nationworld/politics/ct-trump-response-to-puerto-rico-crisis-20170929-story.html, 
"On Twitter, Trump vows to take fight over sanctuary city defiance to ...", http://www.chicagotribune.com/news/nationworld/politics/ct-trump-sanctuary-city-supreme-court-20170426-story.html, 
Sessions offered to resign as attorney general amid tensions with Trump, http://www.chicagotribune.com/news/nationworld/politics/ct-trump-sessions-20170606-story.html, 
Trump supporters see a successful president — and are frustrated with ..., http://www.chicagotribune.com/news/nationworld/politics/ct-trump-supporters-20170220-story.html, 
Trump turns to Supreme Court to try to move forward on travel ban ..., http://www.chicagotribune.com/news/nationworld/politics/ct-trump-supreme-court-travel-ban-20170601-story.html, 
Justice Department files notice of appeal to restore Trump immigration ..., http://www.chicagotribune.com/news/nationworld/politics/ct-trump-travel-ban-20170204-story.html, 
Court denies Trump administration request to restore travel ban ..., http://www.chicagotribune.com/news/nationworld/politics/ct-trump-travel-ban-20170205-story.html, 
Trump says he'll issue a new executive order on immigration by next ..., http://www.chicagotribune.com/news/nationworld/politics/ct-trump-travel-ban-20170216-story.html, 
Trump travel ban faces key test in multiple courtrooms across the ..., http://www.chicagotribune.com/news/nationworld/politics/ct-trump-travel-ban-20170314-story.html, 
Hawaii judge rejects Trump administration request to revise ruling ..., http://www.chicagotribune.com/news/nationworld/politics/ct-trump-travel-ban-20170319-story.html, 
New opposition emerges as Trump pushes for travel ban - Chicago ..., http://www.chicagotribune.com/news/nationworld/politics/ct-trump-travel-ban-20170604-story.html, 
Trump's latest tweets could hurt effort to restore travel ban - Chicago ..., http://www.chicagotribune.com/news/nationworld/politics/ct-trump-travel-ban-20170605-story.html, 
Justice Department says Trump's travel ban rules based on ..., http://www.chicagotribune.com/news/nationworld/politics/ct-trump-travel-ban-20170703-story.html, 
"After months of challenges and controversy, Trump's travel ban ...", http://www.chicagotribune.com/news/nationworld/politics/ct-trump-travel-ban-20170921-story.html, 
"White House expands travel ban, restricting visitors from 8 countries ...", http://www.chicagotribune.com/news/nationworld/politics/ct-trump-travel-ban-20170924-story.html, 
"Latest travel ban will probably affect tens of thousands, and it could ...", http://www.chicagotribune.com/news/nationworld/politics/ct-trump-travel-ban-20170925-story.html, 
Judges ask Trump lawyer whether or not travel ban discriminates ..., http://www.chicagotribune.com/news/nationworld/politics/ct-trump-travel-ban-appeals-20170515-story.html, 
Appeals court rules against Trump's revised travel ban: It 'stands to ..., http://www.chicagotribune.com/news/nationworld/politics/ct-trump-travel-ban-court-20170525-story.html, 
"Trump's new travel ban will be harder to challenge in court, but critics ...", http://www.chicagotribune.com/news/nationworld/politics/ct-trump-travel-ban-court-challenge-20170306-story.html, 
"Trump travel ban dealt another blow by federal appeals court, faces ...", http://www.chicagotribune.com/news/nationworld/politics/ct-trump-travel-ban-decision-20170612-story.html, 
Hawaii urges court to keep hold on Trump travel ban - Chicago Tribune, http://www.chicagotribune.com/news/nationworld/politics/ct-trump-travel-ban-hawaii-20170612-story.html, 
Trump administration appeals judge's travel ban ruling to Supreme ..., http://www.chicagotribune.com/news/nationworld/politics/ct-trump-travel-ban-hawaii-20170714-story.html, 
Federal judges express skepticism about arguments on Trump's travel ..., http://www.chicagotribune.com/news/nationworld/politics/ct-trump-travel-ban-hearing-20170207-story.html, 
Judge says Trump travel ban case can proceed in lower court ..., http://www.chicagotribune.com/news/nationworld/politics/ct-trump-travel-ban-lawsuit-20170213-story.html, 
Travel ban rulings highlight trouble posed by Trump record and ..., http://www.chicagotribune.com/news/nationworld/politics/ct-trump-travel-ban-lawsuit-20170315-story.html, 
Judge gives extension to Trump lawyers in travel ban lawsuit ..., http://www.chicagotribune.com/news/nationworld/politics/ct-trump-travel-ban-lawsuit-extension-20170303-story.html, 
Legal challenges to Trump's revised travel ban mount in additional ..., http://www.chicagotribune.com/news/nationworld/politics/ct-trump-travel-ban-lawsuits-20170309-story.html, 
"States, courts gear up for lawsuits that aim to stop Trump's travel ban ...", http://www.chicagotribune.com/news/nationworld/politics/ct-trump-travel-ban-lawsuits-20170313-story.html, 
Trump argues for travel ban in tweet after attacks hit London - Chicago ..., http://www.chicagotribune.com/news/nationworld/politics/ct-trump-travel-ban-london-attack-20170603-story.html, 
Trump signs new travel ban aimed at withstanding legal scrutiny ..., http://www.chicagotribune.com/news/nationworld/politics/ct-trump-travel-ban-new-order-20170305-story.html, 
Appeals court declines to weigh in on Trump travel ban rules ..., http://www.chicagotribune.com/news/nationworld/politics/ct-trump-travel-ban-rules-20170707-story.html, 
"In unanimous ruling, U.S. appeals court refuses to reinstate Trump ...", http://www.chicagotribune.com/news/nationworld/politics/ct-trump-travel-ban-ruling-20170209-story.html, 
"Grandparents, refugees with formal assurances can enter under ...", http://www.chicagotribune.com/news/nationworld/politics/ct-trump-travel-ban-ruling-20170907-story.html, 
Here are 7 key takeaways from appeal court's ruling on Trump's ..., http://www.chicagotribune.com/news/nationworld/politics/ct-trump-travel-ban-ruling-key-takeaways-20170209-story.html, 
Trump asks Supreme Court to reinstate travel ban - Chicago Tribune, http://www.chicagotribune.com/news/nationworld/politics/ct-trump-travel-ban-supreme-court-20170602-story.html, 
New travel ban will exempt current visa holders - Chicago Tribune, http://www.chicagotribune.com/news/nationworld/politics/ct-trump-travel-ban-visa-holders-20170228-story.html, 
Legal battle over travel ban looms as Trump continues attacks on ..., http://www.chicagotribune.com/news/nationworld/politics/ct-trump-travel-ban-visas-20170205-story.html, 
Trump escalates feud with London mayor after terrorist attack ..., http://www.chicagotribune.com/news/nationworld/politics/ct-trump-tweets-london-mayor-20170605-story.html, 
"Amid travel ban turmoil, Trump to visit Supreme Court this week ...", http://www.chicagotribune.com/news/nationworld/politics/ct-trump-visit-supreme-court-20170614-story.html, 
Trump aides struggle to explain unfounded claim of Obama wiretaps ..., http://www.chicagotribune.com/news/nationworld/politics/ct-trump-wiretap-claim-20170306-story.html, 
U.S. exceeds cap on refugees as resettlement agencies brace for ..., http://www.chicagotribune.com/news/nationworld/politics/ct-us-exceeds-cap-refugees-20170712-story.html, 
U.S. sets new visa rules under Trump travel ban: Grandparents and ..., http://www.chicagotribune.com/news/nationworld/politics/ct-visa-criteria-muslim-nations-20170628-story.html, 
White House aides who wrote Trump's travel ban ... - Los Angeles Times, http://www.chicagotribune.com/news/nationworld/politics/ct-white-house-aides-travel-ban-20170130-story.html, 
Inside the White House-Cabinet battle over Trump's immigration order ..., http://www.chicagotribune.com/news/nationworld/politics/ct-white-house-cabinet-immigration-battle-20170204-story.html, 
Fact check: Kellyanne Conway admits mistake on 'Bowling Green ..., http://www.chicagotribune.com/news/nationworld/politics/factcheck/ct-bowling-green-massacre-20170203-story.html, 
Fact check: White House claims 109 affected by travel ban - it's more ..., http://www.chicagotribune.com/news/nationworld/politics/factcheck/ct-fact-check-people-affected-by-travel-ban-20170130-story.html, 
Fact check: Trump's claim that his refugee policy is similar to Obama's ..., http://www.chicagotribune.com/news/nationworld/politics/factcheck/ct-trump-refugee-policy-fact-check-2011-20170129-story.html, 
President Trump announces Neil Gorsuch as his nominee for ..., http://www.chicagotribune.com/news/nationworld/politics/trailguide/la-na-trailguide-updates-201701-htmlstory.html, 
"Muslim advocates, legal org file suits over travel ban - Chicago Tribune", http://www.chicagotribune.com/news/nationworld/sns-bc-us--travel-ban-lawsuit-20171002-story.html, 
Trump replaces travel ban with new restrictions - Chicago Tribune, http://www.chicagotribune.com/news/nationworld/sns-bc-us--trump-travel-ban-20170924-story.html, 
Trump's new travel ban: Third time the charm? - Chicago Tribune, http://www.chicagotribune.com/news/nationworld/sns-bc-us--trump-travel-ban-20170925-story.html, 
How Trump's travel ban helps terrorists - Chicago Tribune, http://www.chicagotribune.com/news/opinion/chapman/ct-trump-help-recruiting-islamic-state-terrorists-perspec-xxx-20170210-column.html, 
Donald Trump's war on his own credibility - Chicago Tribune, http://www.chicagotribune.com/news/opinion/chapman/ct-trump-low-approval-ratings-credibility-20170208-story.html, 
Trump the weakling and his latest surrender - Chicago Tribune, http://www.chicagotribune.com/news/opinion/chapman/ct-trump-weak-president-travel-ban-perspec-0309-20170308-column.html, 
An important April 1 message from the president - Chicago Tribune, http://www.chicagotribune.com/news/opinion/commentary/ct-april-fools-day-trump-press-release-humor-perspec-0331-jm-20170329-story.html, 
Businesses face treacherous path after 'Delete Uber' - Chicago Tribune, http://www.chicagotribune.com/news/opinion/commentary/ct-delete-uber-trump-boycott-20170131-story.html, 
The Democrats' immigration problem - Chicago Tribune, http://www.chicagotribune.com/news/opinion/commentary/ct-democrats-immigration-trump-muslim-ban-20170320-story.html, 
Donald Trump's nonstop lies are failing him - Chicago Tribune, http://www.chicagotribune.com/news/opinion/commentary/ct-donald-trump-lies-russia-wiretap-20170321-story.html, 
Trump's advisers are only enabling his erratic behavior - Chicago ..., http://www.chicagotribune.com/news/opinion/commentary/ct-donald-trump-london-tweets-impulsive-20170605-story.html, 
Donald Trump can't stop losing - Chicago Tribune, http://www.chicagotribune.com/news/opinion/commentary/ct-donald-trump-losing-bad-20170316-story.html, 
Trump needs to fire Steve Bannon - Chicago Tribune, http://www.chicagotribune.com/news/opinion/commentary/ct-donald-trump-steve-bannon-russia-20170217-story.html, 
Neil Gorsuch hearings will be a test for both parties - Chicago Tribune, http://www.chicagotribune.com/news/opinion/commentary/ct-gorsuch-supreme-court-confirmation-hearing-20170214-story.html, 
"An Iranian veteran of the U.S. Marines, feeling tested - Chicago Tribune", http://www.chicagotribune.com/news/opinion/commentary/ct-iranian-marine-trump-refugee-ban-perspec-0203-jm-20170201-story.html, 
Jewish Voice for Peace: We stand in solidarity with Rasmieh Yousef ..., http://www.chicagotribune.com/news/opinion/commentary/ct-israel-palestine-rasmieh-odeh-jewish-perspec-0309-md-20170308-story.html, 
Don't listen to Trump and the NRA. Now is exactly the time to debate ..., http://www.chicagotribune.com/news/opinion/commentary/ct-las-vegas-shooting-nra-trump-20171003-story.html, 
On being Muslim in Trump's America - Chicago Tribune, http://www.chicagotribune.com/news/opinion/commentary/ct-muslims-islam-trump-religion-culture-perspec-0223-20170221-story.html, 
"Gorsuch is the new Scalia, just like Trump promised - Chicago Tribune", http://www.chicagotribune.com/news/opinion/commentary/ct-neil-gorsuch-conservative-scalia-20170627-story.html, 
A crisis at Canada's border tests Justin Trudeau's compassion ..., http://www.chicagotribune.com/news/opinion/commentary/ct-perspec-trudeau-canada-refugees-0830-story.html, 
Four things to fear now that Jeff Sessions is attorney general - Chicago ..., http://www.chicagotribune.com/news/opinion/commentary/ct-sessions-trump-bannon-white-nationalism-20170209-story.html, 
"With his London tweets, Trump embarrasses himself — and America ...", http://www.chicagotribune.com/news/opinion/commentary/ct-trump-london-tweets-comment-20170604-story.html, 
Trump's travel moratorium: What a hopeless disaster - Chicago Tribune, http://www.chicagotribune.com/news/opinion/commentary/ct-trump-muslim-ban-krauthammer-perspec-0210-jm-20170209-story.html, 
Trump is looking like a very weak autocrat wannabe - Chicago Tribune, http://www.chicagotribune.com/news/opinion/commentary/ct-trump-russia-intelligence-leaks-20170215-story.html, 
Anti-immigrant views helped Trump win. Will they also cause his ..., http://www.chicagotribune.com/news/opinion/commentary/ct-trump-supporters-anti-immigrant-20170418-story.html, 
Travel ban rules create awkward family dynamics - Chicago Tribune, http://www.chicagotribune.com/news/opinion/commentary/ct-trump-travel-ban-family-20170702-story.html, 
President Trump's big travel ban win? Let's not get carried away ..., http://www.chicagotribune.com/news/opinion/commentary/ct-trump-travel-ban-scotus-20170626-story.html, 
Trump's travel ban 3.0 - Chicago Tribune, http://www.chicagotribune.com/news/opinion/editorials/94711238-132.html, 
"Trump's travel order, Take 3 - Chicago Tribune", http://www.chicagotribune.com/news/opinion/editorials/ct-edit-trump-travel-ban-20170925-story.html, 
The Supreme Court splits the difference on Trump's travel ban ..., http://www.chicagotribune.com/news/opinion/editorials/ct-travel-court-immigration-trump-edit-0627-md-20170626-story.html, 
The lasting damage of Trump's campaign rhetoric - Chicago Tribune, http://www.chicagotribune.com/news/opinion/editorials/ct-trump-muslim-travel-ban-judges-edit-0317-20170316-story.html, 
Trump is turning America the beautiful into America the cruel ..., http://www.chicagotribune.com/news/opinion/huppke/ct-huppke-mean-america-20170906-story.html, 
Appeals court introduces President Trump to Mr. Checks and Mrs ..., http://www.chicagotribune.com/news/opinion/huppke/ct-trump-travel-ban-ruling-huppke-20170209-column.html, 
The real consequences of a Trump travel ban - Chicago Tribune, http://www.chicagotribune.com/news/opinion/letters/ct-the-real-consequences-of-a-trump-travel-ban-20170324-story.html, 
Where are the new security measures Trump promised? - Chicago ..., http://www.chicagotribune.com/news/opinion/letters/ct-where-are-the-new-security-measures-trump-promised-20170526-story.html, 
Trump faces a legal wall around sanctuary cities - Chicago Tribune, http://www.chicagotribune.com/news/opinion/page/ct-sanctuary-cities-trump-chicago-perspec-0426-20170425-story.html, 
Trump's obsession with (his own) 'fake news' - Chicago Tribune, http://www.chicagotribune.com/news/opinion/page/ct-trump-lies-fake-news-kellyanne-conway-perspec-20170207-column.html, 
How a 'chaos candidate' becomes a disaster president - Chicago ..., http://www.chicagotribune.com/news/opinion/page/ct-trump-refugees-immigration-ban-perspec-0201-20170131-story.html, 
"Travel ban lawsuits filed by legal center, Muslim advocates - Chicago ...", http://www.chicagotribune.com/news/sns-bc-us--travel-ban-lawsuit-20171003-story.html, 
States accuse Trump of bias in immigration decision - Chicago Tribune, http://www.chicagotribune.com/news/sns-bc-us--trump-immigration-legal-challenges-20170907-story.html, 
Why is Chad in Trump's new travel ban? - Chicago Tribune, http://www.chicagotribune.com/news/sns-wp-chad-comment-df0f3800-a211-11e7-ade1-76d061d56efa-20170925-story.html, 
Why is Chad in Trump's new travel ban? - Chicago Tribune, http://www.chicagotribune.com/news/sns-wp-chad-fp-comment-620b1b4c-a2b3-11e7-b14f-f41773cd5a14-20170926-story.html, 
"Was Hugh Hefner a sexist, or wasn't he? Readers on the essential ...", http://www.chicagotribune.com/opinion/readersreact/la-ol-le-hugh-hefner-sexism-20170930-story.html, 
Orlando impact of Trump's new travel ban something for hoteliers to ..., http://www.chicagotribune.com/os-bz-orlando-international-travel-trump-worries-20170228-story.html, 
UCF PhD student affected by ban; no known airport travelers held ..., http://www.chicagotribune.com/os-central-florida-immigration-executive-order-20170130-story.html, 
Fundamentally wrong: Trump's Muslim travel ban - Orlando Sentinel, http://www.chicagotribune.com/os-ed-muslim-travel-ban-fundamentally-wrong-20170606-story.html, 
Everything President Trump has tweeted (and what it was about) - LA ..., http://www.chicagotribune.com/politics/la-pol-updates-everything-president-trump-has-tweeted-and-what-it-was-about-2017-htmlstory.html, 
Trump defends himself on Twitter against accusations he colluded ..., http://www.chicagotribune.com/politics/washington/la-na-essential-washington-updates-trump-defends-himself-on-twitter-1490012227-htmlstory.html, 
Court block of Trump's revised travel ban inspires 'Boycott Hawaii ..., http://www.chicagotribune.com/sd-court-block-trump-travel-ban-triggers-boycott-hawaii-20170316-story.html, 
San Diego's Chaldean Christian community conflicted over Trump's ..., http://www.chicagotribune.com/sd-me-chaldean-react-20170209-story.html, 
Trump's order stokes fear among San Diego's immigrants - The San ..., http://www.chicagotribune.com/sd-me-immigrant-reaction-20170128-story.html, 
Demonstrators swarm San Diego airport over travel ban - The San ..., http://www.chicagotribune.com/sd-me-immigration-protest-20170129-story.html, 
Travel Ban: Trump's executive orders draw opposing views - The San ..., http://www.chicagotribune.com/sd-trump-ban-muslims-mexico-wall-poll-20170130-story.html, 
Trump's travel restrictions have Muslims on hajj concerned - Chicago ..., http://www.chicagotribune.com/sns-bc-us--hajj-us-travelers-20170901-story.html, 
Justices could avoid issuing verdict on Trump travel ban - Chicago ..., http://www.chicagotribune.com/sns-bc-us--supreme-court-travel-ban-20170919-story.html, 
Legal organization files suit over travel ban documents - Chicago ..., http://www.chicagotribune.com/sns-bc-us--travel-ban-lawsuit-20171002-story.html, 
Trump weighing options as travel ban nears expiration date - Chicago ..., http://www.chicagotribune.com/sns-bc-us--trump-travel-ban-20170922-story.html, 
Trump administration offers a new travel ban - Chicago Tribune, http://www.chicagotribune.com/sns-bc-us--trump-travel-ban-20170926-story.html, 
Dexter Fowler doesn't back away from comments on Donald Trump's ..., http://www.chicagotribune.com/sports/baseball/ct-dexter-fowler-travel-ban-20170221-story.html, 
Mavs owner Mark Cuban questions 'hypocrisy' of Donald Trump's ..., http://www.chicagotribune.com/sports/basketball/ct-nba-mavericks-mark-cuban-donald-trump-spt-20170201-story.html, 
NBA reaches out to State Department for clarification on Trump ..., http://www.chicagotribune.com/sports/basketball/ct-nba-trump-executive-order-20170128-story.html, 
"U.S. basketball players 'stranded' in Dubai, unable to return to teams ...", http://www.chicagotribune.com/sports/basketball/ct-us-basketball-players-travel-ban-20170130-story.html, 
Steve Kerr calls Trump executive order on travel ban 'a horrible idea ..., http://www.chicagotribune.com/sports/basketball/ct-warriors-steve-kerr-trump-executive-order-20170129-story.html, 
Lakers' Luol Deng shares his refugee experience in wake of Trump ..., http://www.chicagotribune.com/sports/basketball/la-sp-lakers-luol-deng-travel-ban-20170201-story.html, 
Dale Earnhardt Jr.: 'America is created by immigrants' - Chicago Tribune, http://www.chicagotribune.com/sports/breaking/ct-dale-earnhardt-jr-donald-trump-travel-ban-20170131-story.html, 
Muhammad Ali's son launching religious freedom campaign - Chicago ..., http://www.chicagotribune.com/sports/breaking/ct-muhammad-ali-s-son-launching-religious-freedom-campaign-20170307-story.html, 
ESPN's Sage Steele criticized after Instagram post about airport ..., http://www.chicagotribune.com/sports/breaking/ct-sage-steele-espn-criticizes-protesters-delays-20170130-story.html, 
NFL players' union expresses support for Muslim players in wake of ..., http://www.chicagotribune.com/sports/football/ct-nfl-players-union-trump-travel-ban-20170202-story.html, 
Olympic medal winner says she was detained by U.S. Customs ..., http://www.chicagotribune.com/sports/international/ct-american-muslim-olympic-fencer-detained-airport-20170209-story.html, 
Somalia-born Olympian Mo Farah says Donald Trump's travel ban ..., http://www.chicagotribune.com/sports/international/ct-olympics-mo-farah-trump-travel-ban-spt-20170129-story.html, 
U.S. wrestlers can compete in World Cup after host Iran relents ..., http://www.chicagotribune.com/sports/international/ct-us-iran-wrestlers-travel-ban-spt-20170205-story.html, 
Trump's travel ban could impact IOC vote on 2024 Summer Olympics …, http://www.chicagotribune.com/sports/international/la-sp-olympics-trump-immigration-20170130-story.html, 
Iran lifts ban on American wrestling team that includes Lehigh grad ..., http://www.chicagotribune.com/sports/international/mc-iran-lifts-bans-wrestlers-lehigh-20170205-story.html, 
U.S. soccer coach Bruce Arena on travel ban: 'I think it's sad' - Chicago ..., http://www.chicagotribune.com/sports/soccer/ct-bruce-arena-donald-trump-travel-ban-20170202-story.html, 
FIFA reminds U.S. about World Cup obligations amid travel ban ..., http://www.chicagotribune.com/sports/soccer/ct-fifa-world-cup-obligations-travel-ban-20170309-story.html, 
Roughly 1/4 of refugees in Aurora from countries targeted by Trump ban, http://www.chicagotribune.com/suburbs/aurora-beacon-news/news/ct-abn-aurora-refugee-st-0212-20170210-story.html, 
"Northwestern students, faculty march in Evanston against immigration ...", http://www.chicagotribune.com/suburbs/evanston/news/ct-evr-northwestern-immigration-protest-tl-0209-20170209-story.html, 
Naperville girl invited to attend Trump's first address to Congress ..., http://www.chicagotribune.com/suburbs/naperville-sun/ct-nvs-joint-congress-invites-st-0226-20170225-story.html, 
Foster meets at Islamic Center to discuss Trump travel ban - Naperville ..., http://www.chicagotribune.com/suburbs/naperville-sun/news/ct-nvs-immigration-ban-foster-st-0215-20170213-story.html, 
Maine East offers support to students impacted by travel ban: Principal ..., http://www.chicagotribune.com/suburbs/park-ridge/news/ct-prh-maine-east-travel-ban-tl-0202-20170131-story.html, 
Fewer learning English amid Trump deportation fears - Post-Tribune, http://www.chicagotribune.com/suburbs/post-tribune/news/ct-ptb-english-language-trump-st-0424-20170421-story.html, 
Trump needs to get a grip - Post-Tribune, http://www.chicagotribune.com/suburbs/post-tribune/opinion/ct-ptb-robinson-trump-st-0607-20170606-story.html, 
"Refugees, agencies relay impact of new immigration restrictions ...", http://www.chicagotribune.com/suburbs/skokie/news/ct-skr-refugee-press-conference-tl-0209-20170201-story.html, 
New Trier alumnus among judges hearing Trump travel ban appeal ..., http://www.chicagotribune.com/suburbs/wilmette/news/ct-wml-richard-clifton-trump-panel-tl-0209-20170207-story.html, 
"Schiff on Trump's immigration executive order: 'It is wrong-headed, it is ...", http://www.chicagotribune.com/tn-gnp-me-schiff-refugee-20170301-story.html, 
