Title, URL, Index
Captain Sully on Trump's Travel Ban: 'This Makes Us less Safe' | Fox ...,http://www.foxbusiness.com/features/2017/01/30/captain-sully-on-trump-s-travel-ban-this-makes-us-less-safe.html,1
NBA Figures Speak Out on Trump Travel Ban | Fox Business,http://www.foxbusiness.com/features/2017/01/30/nba-figures-speak-out-on-trump-travel-ban.html,2
Why 97 companies are opposing Trump's travel ban | Fox Business,http://www.foxbusiness.com/features/2017/02/06/why-7-companies-are-opposing-trump-travel-ban.html,3
Tourism industry debating impact of Trump travel ban | Fox Business,http://www.foxbusiness.com/markets/2017/02/08/tourism-industry-debating-impact-trump-travel-ban.html,4
"Trump Weighs Revised Travel Ban, Supreme Court Test Still Possible ...",http://www.foxbusiness.com/politics/2017/02/10/trump-weighs-revised-travel-ban-supreme-court-test-still-possible.html,5
Fox News Poll: Trump's Travel Ban Creates Sharp Political Divide ...,http://www.foxbusiness.com/politics/2017/02/14/fox-news-poll-trump-s-travel-ban-creates-sharp-political-divide.html,6
Trump's Revised Travel Ban Blocked by Hawaii Judge | Fox Business,http://www.foxbusiness.com/politics/2017/03/15/federal-judge-in-hawaii-puts-trump-travel-ban-on-hold.html,7
Trump weighs North Korea travel ban after Warmbier's death | Fox ...,http://www.foxbusiness.com/politics/2017/06/20/trump-weighs-north-korea-travel-ban-after-warmbier-s-death.html,8
"In victory for Trump, U.S. Supreme Court revives Trump travel ban ...",http://www.foxbusiness.com/politics/2017/06/26/u-s-supreme-court-revives-parts-trump-travel-ban-order.html,9
US top court gives Hawaii until Tuesday to answer Trump travel ban ...,http://www.foxbusiness.com/politics/2017/07/15/us-top-court-gives-hawaii-until-tuesday-to-answer-trump-travel-ban-motion.html,10
Late-night TV hosts take aim at Trump travel ban,http://www.foxnews.com/entertainment/2017/01/31/late-night-tv-hosts-take-aim-at-trump-travel-ban.html,11
"Iranian director Asghar Farhadi wins Oscar, says in statement U.S. 'disrespected' his country, others",http://www.foxnews.com/entertainment/2017/02/26/iranian-director-asghar-farhadi-wins-oscar-says-in-statement-u-s-disrespected-his-country-others.html,12
Trump supporters vow to boycott Starbucks over CEO's plan to hire refugees,http://www.foxnews.com/food-drink/2017/01/31/trump-supporters-vow-to-boycott-starbucks-over-ceos-plan-to-hire-refugees.html,13
"Trump's immigrant ban part of a long, sad tradition | Fox News",http://www.foxnews.com/opinion/2017/01/28/trumps-muslim-ban-part-long-sad-tradition.html,14
Trump's travel ban and the Democrats' big con | Fox News,http://www.foxnews.com/opinion/2017/01/30/trumps-travel-ban-and-democrats-big-con.html,15
Trump's travel ban and the Democrats' big con,http://www.foxnews.com/opinion/2017/01/30/trumps-travel-ban-and-democrats-big-con.html,16
I'm a Democrat but there's something great about Trump's travel ban ...,http://www.foxnews.com/opinion/2017/01/31/im-democrat-but-theres-something-great-about-trumps-travel-ban.html,17
I'm a Democrat but there's something great about Trump's travel ban,http://www.foxnews.com/opinion/2017/01/31/im-democrat-but-theres-something-great-about-trumps-travel-ban.html,18
Sean Hannity: Dems gamble with American lives with lies about Trump order,http://www.foxnews.com/opinion/2017/01/31/sean-hannity-dems-gamble-with-american-lives-with-lies-about-trump-order.html,19
Michael Goodwin: Democrats are becoming the party of secession,http://www.foxnews.com/opinion/2017/02/02/michael-goodwin-democrats-are-becoming-party-secession.html,20
"We need extreme vetting in the judicial system, too",http://www.foxnews.com/opinion/2017/02/07/need-extreme-vetting-in-judicial-system-too.html,21
"Sean Hannity: Alt-left judges, lawmakers play games with ... - Fox News",http://www.foxnews.com/opinion/2017/02/07/sean-hannity-alt-left-judges-lawmakers-play-games-with-president-trumps-travel-ban.html,22
"Sean Hannity: Alt-left judges, lawmakers play games with President Trump's travel ban",http://www.foxnews.com/opinion/2017/02/07/sean-hannity-alt-left-judges-lawmakers-play-games-with-president-trumps-travel-ban.html,23
Trump's travel ban: Why the 9th Circuit could flip and ... - Fox News,http://www.foxnews.com/opinion/2017/02/08/trump-s-travel-ban-why-9th-circuit-could-flip-and-unexpectedly-grant-stay.html,24
Trump’s travel ban: Why the 9th Circuit could flip and unexpectedly grant a stay,http://www.foxnews.com/opinion/2017/02/08/trump-s-travel-ban-why-9th-circuit-could-flip-and-unexpectedly-grant-stay.html,25
Gregg Jarrett: 4 things you need to know about the rulings ... - Fox News,http://www.foxnews.com/opinion/2017/03/16/gregg-jarrett-4-things-need-to-know-about-rulings-against-trumps-latest-travel-ban.html,26
Gregg Jarrett: 4 things you need to know about the rulings against Trump's latest travel ban,http://www.foxnews.com/opinion/2017/03/16/gregg-jarrett-4-things-need-to-know-about-rulings-against-trumps-latest-travel-ban.html,27
Sean Hannity: Alt-left judges put American lives at risk by blocking travel ban,http://www.foxnews.com/opinion/2017/03/17/sean-hannity-alt-left-judges-put-american-lives-at-risk-by-blocking-travel-ban.html,28
Israel and Trump travel ban offers pundit a chance to show own bigotry,http://www.foxnews.com/opinion/2017/03/21/israel-and-trump-travel-ban-offers-pundit-chance-to-show-own-bigotry.html,29
"Trump travel ban decision: Politics, not the law, in the 4th ... - Fox News",http://www.foxnews.com/opinion/2017/05/28/trump-travel-ban-decision-politics-not-law-in-4th-circuit.html,30
"Trump travel ban decision: Politics, not the law, in the 4th Circuit",http://www.foxnews.com/opinion/2017/05/28/trump-travel-ban-decision-politics-not-law-in-4th-circuit.html,31
Gregg Jarrett: Justice Ginsburg must disqualify herself in the Trump travel ban case,http://www.foxnews.com/opinion/2017/06/05/gregg-jarrett-justice-ginsburg-must-disqualify-herself-in-trump-travel-ban-case.html,32
Trump's terror tweets are not making us any safer,http://www.foxnews.com/opinion/2017/06/06/trumps-terror-tweets-are-not-making-us-any-safer.html,33
Ninth Circuit travel ban decision: Here we go again - the president deserves better than this latest ruling,http://www.foxnews.com/opinion/2017/06/12/ninth-circuit-travel-ban-decision-here-go-again-president-deserves-better-than-this-latest-ruling.html,34
Dershowitz: Supreme Court will likely uphold most of Trump travel ban ...,http://www.foxnews.com/opinion/2017/06/26/dershowitz-supreme-court-will-likely-uphold-most-trump-travel-ban.html,35
Dershowitz: Supreme Court will likely uphold most of Trump travel ban,http://www.foxnews.com/opinion/2017/06/26/dershowitz-supreme-court-will-likely-uphold-most-trump-travel-ban.html,36
CNN turns Elmo into propaganda puppet,http://www.foxnews.com/opinion/2017/06/28/cnn-turns-elmo-into-propaganda-puppet.html,37
"Trump's travel ban: Don't be fooled, the Supreme Court ... - Fox News",http://www.foxnews.com/opinion/2017/06/28/trumps-travel-ban-dont-be-fooled-supreme-court-handed-president-big-victory-this-week.html,38
"Trump's travel ban: Don't be fooled, the Supreme Court handed the president a big victory this week",http://www.foxnews.com/opinion/2017/06/28/trumps-travel-ban-dont-be-fooled-supreme-court-handed-president-big-victory-this-week.html,39
Napolitano: Why our Supreme Court justices unanimously ... - Fox News,http://www.foxnews.com/opinion/2017/06/29/napolitano-why-our-supreme-court-justices-unanimously-agreed-about-trumps-travel-ban.html,40
Napolitano: Why our Supreme Court justices unanimously agreed about Trump's travel ban,http://www.foxnews.com/opinion/2017/06/29/napolitano-why-our-supreme-court-justices-unanimously-agreed-about-trumps-travel-ban.html,41
Trump signs executive order for 'extreme vetting' of refugees | Fox News,http://www.foxnews.com/politics/2017/01/27/trump-signs-executive-order-for-extreme-vetting-refugees.html,42
DHS will continue to enforce Trump's travel ban | Fox News,http://www.foxnews.com/politics/2017/01/29/dhs-will-continue-to-enforce-trumps-travel-ban.html,43
DHS will continue to enforce Trump's travel ban,http://www.foxnews.com/politics/2017/01/29/dhs-will-continue-to-enforce-trumps-travel-ban.html,44
Protests against travel ban continue for second straight day,http://www.foxnews.com/politics/2017/01/29/protests-against-travel-ban-continue-for-second-straight-day.html,45
Protests erupt at airports around the U.S. following Trump travel ban ...,http://www.foxnews.com/politics/2017/01/29/protests-erupt-at-airports-around-u-s-following-trump-travel-ban.html,46
Protests erupt at airports around the U.S. following Trump travel ban,http://www.foxnews.com/politics/2017/01/29/protests-erupt-at-airports-around-u-s-following-trump-travel-ban.html,47
Trump says top priority is to 'protect and serve' America amid - Fox News,http://www.foxnews.com/politics/2017/01/29/trump-say-top-priority-is-to-protect-and-serve-america-amid-backlash-over-extreme-vetting.html,48
House Dems demand meeting with DHS chief over Trump travel ban ...,http://www.foxnews.com/politics/2017/01/30/house-dems-reportedly-demand-meeting-with-dhs-chief-over-trump-travel-ban.html,49
House Dems demand meeting with DHS chief over Trump travel ban,http://www.foxnews.com/politics/2017/01/30/house-dems-reportedly-demand-meeting-with-dhs-chief-over-trump-travel-ban.html,50
Some Muslim-American activists back Trump's extreme ... - Fox News,http://www.foxnews.com/politics/2017/01/30/some-muslim-american-activists-back-trumps-extreme-vetting.html,51
Trump's travel decree: What it means and how it works | Fox News,http://www.foxnews.com/politics/2017/01/30/trumps-travel-decree-what-it-means-and-how-it-works.html,52
Some Sept. 11 families speak out against Trump's travel ban,http://www.foxnews.com/politics/2017/01/31/some-sept-11-families-speak-out-against-trumps-travel-ban.html,53
Trump admin reportedly will allow 872 refugees into US despite travel ban,http://www.foxnews.com/politics/2017/01/31/trump-admin-reportedly-will-allow-872-refugees-into-us-despite-travel-ban.html,54
Trump on travel restrictions: 'Call it what you want',http://www.foxnews.com/politics/2017/02/01/trump-on-travel-restrictions-call-it-what-want.html,55
Judge declines to extend Trump travel ban restraining order,http://www.foxnews.com/politics/2017/02/03/judge-declines-to-extend-trump-travel-ban-restraining-order.html,56
Federal judge in Seattle temporarily halts Trump's ... - Fox News,http://www.foxnews.com/politics/2017/02/03/us-judge-temporarily-blocks-trumps-travel-ban-from-majority-muslim-countries.html,57
Appeals court denies Trump request to immediately ... - Fox News,http://www.foxnews.com/politics/2017/02/05/appeals-court-denies-trump-request-to-immediately-reinstate-travel-ban.html,58
Appeals court denies Trump request to immediately reinstate travel ban,http://www.foxnews.com/politics/2017/02/05/appeals-court-denies-trump-request-to-immediately-reinstate-travel-ban.html,59
Justice Department appeals judge's order temporarily ... - Fox News,http://www.foxnews.com/politics/2017/02/05/justice-department-appeals-judges-order-temporarily-blocking-trumps-travel-ban.html,60
Justice Department appeals judge's order temporarily blocking Trump's travel ban,http://www.foxnews.com/politics/2017/02/05/justice-department-appeals-judges-order-temporarily-blocking-trumps-travel-ban.html,61
Justice Department asks appeals court to restore Trump travel ban,http://www.foxnews.com/politics/2017/02/06/justice-department-asks-appeals-court-to-restore-trump-travel-ban.html,62
States say lifting halt on Trump's travel ban would 'unleash ... - Fox News,http://www.foxnews.com/politics/2017/02/06/states-say-lifting-halt-on-trumps-travel-ban-would-unleash-chaos.html,63
States say lifting halt on Trump's travel ban would 'unleash chaos',http://www.foxnews.com/politics/2017/02/06/states-say-lifting-halt-on-trumps-travel-ban-would-unleash-chaos.html,64
"Conway: Travel ban part of Trump's 'responsibility,' 'authority' - Fox News",http://www.foxnews.com/politics/2017/02/07/conway-travel-ban-part-trumps-responsibility-authority-and-duty.html,65
"Conway: Travel ban part of Trump's 'responsibility,' 'authority' and 'duty'",http://www.foxnews.com/politics/2017/02/07/conway-travel-ban-part-trumps-responsibility-authority-and-duty.html,66
Justice Department argues for restoration of Trump travel ban | Fox ...,http://www.foxnews.com/politics/2017/02/07/justice-department-argues-for-restoration-trump-travel-ban.html,67
Justice Department argues for restoration of Trump travel ban,http://www.foxnews.com/politics/2017/02/07/justice-department-argues-for-restoration-trump-travel-ban.html,68
"As court mulls ruling on travel ban, legal experts say edge may favor states",http://www.foxnews.com/politics/2017/02/08/as-court-mulls-ruling-on-travel-ban-legal-experts-say-edge-may-favor-states.html,69
"Trump mounts public defense of immigration order, blasts ... - Fox News",http://www.foxnews.com/politics/2017/02/08/trump-mounts-public-defense-immigration-order-blasts-political-courts.html,70
White House fires back at immigration order critics with list of terror arrests,http://www.foxnews.com/politics/2017/02/08/white-house-fires-back-at-immigration-order-critics-with-list-terror-arrests.html,71
Stephen Miller: Coverage of Trump travel ban 'dishonest ... - Fox News,http://www.foxnews.com/politics/2017/02/09/stephen-miller-coverage-trump-travel-ban-dishonest-false-and-wrong.html,72
"Stephen Miller: Coverage of Trump travel ban 'dishonest,' 'false,' and 'wrong'",http://www.foxnews.com/politics/2017/02/09/stephen-miller-coverage-trump-travel-ban-dishonest-false-and-wrong.html,73
Conway says court ruling on Trump travel ban 'does not affect the merits at all',http://www.foxnews.com/politics/2017/02/10/conway-says-court-ruling-on-trump-travel-ban-does-not-affect-merits-at-all.html,74
"Clinton trolls Trump on court case, Conway swipes back",http://www.foxnews.com/politics/2017/02/10/conway-takes-swipe-at-hillary-clinton-on-twitter.html,75
Trump reportedly considers new immigration order after court defeat,http://www.foxnews.com/politics/2017/02/10/trump-reportedly-considers-new-immigration-order-after-court-defeat.html,76
"Trump seizes on omission in court's travel ban ruling, plots ... - Fox News",http://www.foxnews.com/politics/2017/02/10/trump-seizes-on-omission-in-courts-travel-ban-ruling-plots-next-move.html,77
"Trump seizes on omission in court's travel ban ruling, plots next move",http://www.foxnews.com/politics/2017/02/10/trump-seizes-on-omission-in-courts-travel-ban-ruling-plots-next-move.html,78
"Trump vows more 'security' action next week, amid immigration court fight",http://www.foxnews.com/politics/2017/02/10/trump-vows-more-security-action-next-week-amid-immigration-court-fight.html,79
Trump notes ‘dangerous’ uptick in refugees since courts ruled against travel ban,http://www.foxnews.com/politics/2017/02/11/trump-says-77-percent-refugees-from-dangerous-countries-since-court-halted-his-travel-ban.html,80
Trump adviser Miller says new executive orders on immigration an 'option',http://www.foxnews.com/politics/2017/02/12/trump-adviser-miller-says-new-executive-orders-on-illegal-immigration-option.html,81
"Trump ally rips into Priebus, blames him for chaotic travel ban rollout",http://www.foxnews.com/politics/2017/02/13/trump-ally-rips-into-priebus-blames-him-for-chaotic-travel-ban-rollout.html,82
Federal judge grants injunction against Trump travel ban ... - Fox News,http://www.foxnews.com/politics/2017/02/14/federal-judge-grants-injunction-against-trump-travel-ban-in-virginia.html,83
Federal judge grants injunction against Trump travel ban in Virginia,http://www.foxnews.com/politics/2017/02/14/federal-judge-grants-injunction-against-trump-travel-ban-in-virginia.html,84
fox news poll: sharp division along political lines on trump's travel ban,http://www.foxnews.com/politics/2017/02/14/fox-news-poll-sharp-division-along-political-lines-on-trumps-travel-ban.html,85
Seattle judge says Trump travel ban case can proceed in lower court,http://www.foxnews.com/politics/2017/02/14/seattle-judge-says-trump-travel-ban-case-can-proceed-in-lower-court.html,86
Syria's Assad says Trump travel ban against 'terrorists',http://www.foxnews.com/politics/2017/02/16/syrias-assad-says-trump-travel-ban-against-terrorists.html,87
Trump seeks pause in legal fight with revised travel ban,http://www.foxnews.com/politics/2017/02/16/trump-seeks-pause-in-legal-fight-with-revised-travel-ban.html,88
"Revised travel ban targets same seven countries, exempts ... - Fox News",http://www.foxnews.com/politics/2017/02/20/revised-travel-ban-targets-same-seven-countries-exempts-green-card-holders.html,89
"Revised travel ban targets same seven countries, exempts green card holders",http://www.foxnews.com/politics/2017/02/20/revised-travel-ban-targets-same-seven-countries-exempts-green-card-holders.html,90
Supreme Court hears border shooting case as Trump's travel ban awaits,http://www.foxnews.com/politics/2017/02/21/supreme-court-hears-border-shooting-case-as-trumps-travel-ban-awaits.html,91
Trump adviser says new travel ban will have 'same basic ... - Fox News,http://www.foxnews.com/politics/2017/02/21/trump-adviser-says-new-travel-ban-will-have-same-basic-policy-outcome.html,92
Trump adviser says new travel ban will have 'same basic policy outcome',http://www.foxnews.com/politics/2017/02/21/trump-adviser-says-new-travel-ban-will-have-same-basic-policy-outcome.html,93
Trump rejects DHS intelligence report on travel ban | Fox News,http://www.foxnews.com/politics/2017/02/25/trump-rejects-dhs-intelligence-report-on-travel-ban.html,94
Trump rejects DHS intelligence report on travel ban,http://www.foxnews.com/politics/2017/02/25/trump-rejects-dhs-intelligence-report-on-travel-ban.html,95
Former CIA Director Brennan downplays significance of travel ban,http://www.foxnews.com/politics/2017/02/27/former-cia-director-brennan-downplays-significance-travel-ban.html,96
"New travel ban coming in days, Pence says",http://www.foxnews.com/politics/2017/03/01/new-travel-ban-coming-in-days-pence-says.html,97
"Trump administration pushes back signing new travel ban, official says",http://www.foxnews.com/politics/2017/03/01/trump-administration-pushes-back-signing-new-travel-ban-official-says.html,98
Trump expected to sign new travel ban into US by early next week,http://www.foxnews.com/politics/2017/03/04/trump-expected-to-sign-new-travel-ban-into-us-by-early-next-week.html,99
GOP lawmakers get behind Trump immigration order reboot amid new legal threats,http://www.foxnews.com/politics/2017/03/06/gop-lawmakers-get-behind-trump-immigration-order-reboot-amid-new-legal-threats.html,100
Live blog: Trump administration announces travel ban revision,http://www.foxnews.com/politics/2017/03/06/live-blog-trump-administration-announces-travel-ban-revision.html,101
Trump set to sign revised travel ban order,http://www.foxnews.com/politics/2017/03/06/trump-set-to-sign-revised-travel-ban-order.html,102
"Trump signs new immigration order, narrows scope of travel ban | Fox ...",http://www.foxnews.com/politics/2017/03/06/trump-signs-new-immigration-order-narrows-scope-travel-ban.html,103
"Trump signs new immigration order, narrows scope of travel ban",http://www.foxnews.com/politics/2017/03/06/trump-signs-new-immigration-order-narrows-scope-travel-ban.html,104
Trump set to sign revised travel ban order | Fox News,http://www.foxnews.com/politics/2017/03/06/trump-to-reportedly-sign-revised-travel-ban-order.html,105
Live blog: Trump administration announces travel ban ... - Fox News,http://www.foxnews.com/politics/2017/03/06/watch-live-trump-administration-to-announce-travel-ban-revision.html,106
Justice Department wants appeal of Trump's old travel ban tossed,http://www.foxnews.com/politics/2017/03/07/justice-department-wants-appeal-trumps-old-travel-ban-tossed.html,107
Trump's travel ban overshadowed by ... Trump's wiretapping claim (and press excluded),http://www.foxnews.com/politics/2017/03/07/trumps-travel-ban-overshadowed-by-trumps-wiretapping-claim-and-press-excluded.html,108
Hawaii plans to fight President Trump's 'Muslim Ban 2.0',http://www.foxnews.com/politics/2017/03/08/hawaii-plans-to-fight-president-trumps-muslim-ban-2-0.html,109
Hawaii plans to fight President Trump's 'Muslim Ban 2.0' | Fox News,http://www.foxnews.com/politics/2017/03/08/hawaii-plans-to-fight-president-trumps-revised-travel-ban.html,110
Hawaii sues to block Trump's revised travel ban,http://www.foxnews.com/politics/2017/03/08/hawaii-sues-to-block-trumps-revised-travel-ban.html,111
Legal challenges to Trump's travel ban mount from US states | Fox News,http://www.foxnews.com/politics/2017/03/09/legal-challenges-to-trumps-travel-ban-mount-from-us-states.html,112
Legal challenges to Trump's travel ban mount from US states,http://www.foxnews.com/politics/2017/03/09/legal-challenges-to-trumps-travel-ban-mount-from-us-states.html,113
New Trump travel ban can't be enforced on Syrian family ... - Fox News,http://www.foxnews.com/politics/2017/03/10/new-trump-travel-ban-cant-be-enforced-on-syrian-family-trying-to-flee-to-wisconsin-judge-says.html,114
"New Trump travel ban can't be enforced on Syrian family trying to flee to Wisconsin, judge says",http://www.foxnews.com/politics/2017/03/10/new-trump-travel-ban-cant-be-enforced-on-syrian-family-trying-to-flee-to-wisconsin-judge-says.html,115
Federal judge in Hawaii halts Trump travel ban,http://www.foxnews.com/politics/2017/03/15/federal-judge-in-hawaii-halts-trump-travel-ban.html,116
Federal judge in Hawaii halts Trump travel ban | Fox News,http://www.foxnews.com/politics/2017/03/15/federal-judge-in-hawaii-puts-trump-travel-ban-on-hold.html,117
Trump lashes out at latest travel ban ruling: 'It makes us look weak!',http://www.foxnews.com/politics/2017/03/15/trump-lashes-out-at-latest-travel-ban-ruling-it-makes-us-look-weak.html,118
Republican-appointed judges on 9th Circuit voice support for Trump travel ban,http://www.foxnews.com/politics/2017/03/16/republican-appointed-judges-on-9th-circuit-voice-support-for-trump-travel-ban.html,119
Trump administration to appeal travel ban ruling by Maryland judge,http://www.foxnews.com/politics/2017/03/17/trump-administration-to-appeal-travel-ban-ruling-by-maryland-judge.html,120
Trump admin challenges Hawaii judge's halt on new travel ban | Fox ...,http://www.foxnews.com/politics/2017/03/18/trump-admin-challenges-hawaii-judge-s-halt-on-new-travel-ban.html,121
Trump admin challenges Hawaii judge’s halt on new travel ban,http://www.foxnews.com/politics/2017/03/18/trump-admin-challenges-hawaii-judge-s-halt-on-new-travel-ban.html,122
Judge denies request to limit order halting Trump's travel ban | Fox News,http://www.foxnews.com/politics/2017/03/19/hawaii-denies-request-to-limit-halt-to-trumps-travel-ban.html,123
Judge denies request to limit order halting Trump's travel ban,http://www.foxnews.com/politics/2017/03/19/judge-denies-request-to-limit-order-halting-trumps-travel-ban.html,124
Gorsuch rebuffs Leahy on Trump travel ban questions | Fox News,http://www.foxnews.com/politics/2017/03/21/gorsuch-rebuffs-leahy-on-trump-travel-ban-questions.html,125
Gorsuch rebuffs Leahy on Trump travel ban questions,http://www.foxnews.com/politics/2017/03/21/gorsuch-rebuffs-leahy-on-trump-travel-ban-questions.html,126
Trump travel ban: Administration appeals Hawaii judge's ... - Fox News,http://www.foxnews.com/politics/2017/03/30/trump-travel-ban-administration-appeals-hawaii-judges-new-ruling-blocking-ban.html,127
Trump travel ban: Administration appeals Hawaii judge's new ruling blocking ban,http://www.foxnews.com/politics/2017/03/30/trump-travel-ban-administration-appeals-hawaii-judges-new-ruling-blocking-ban.html,128
Trump travel ban: Hawaii judge extends hold on ... - Fox News,http://www.foxnews.com/politics/2017/03/30/trump-travel-ban-hawaii-judge-extends-hold-on-implementing-executive-order.html,129
Trump travel ban: Hawaii judge extends hold on implementing executive order,http://www.foxnews.com/politics/2017/03/30/trump-travel-ban-hawaii-judge-extends-hold-on-implementing-executive-order.html,130
Trump travel ban defended by 15-state coalition led by ... - Fox News,http://www.foxnews.com/politics/2017/04/10/trump-travel-ban-defended-by-15-state-coalition-led-by-texas-ag.html,131
Trump travel ban defended by 15-state coalition led by Texas AG,http://www.foxnews.com/politics/2017/04/10/trump-travel-ban-defended-by-15-state-coalition-led-by-texas-ag.html,132
Father of fallen Muslim-American soldier decries travel ban,http://www.foxnews.com/politics/2017/04/20/father-fallen-muslim-american-soldier-decries-travel-ban.html,133
Hawaii lawmakers slam Sessions over remarks about travel ban judge,http://www.foxnews.com/politics/2017/04/20/hawaii-lawmakers-slam-sessions-over-remarks-about-travel-ban-judge.html,134
"Trump eyes bid to split up 9th Circuit court amid sanctuary city, travel ban disputes",http://www.foxnews.com/politics/2017/04/27/trump-eyes-bid-to-split-up-9th-circuit-court-amid-sanctuary-city-travel-ban-disputes.html,135
Trump travel ban: Appeals court casts skeptical eye at ... - Fox News,http://www.foxnews.com/politics/2017/05/08/trump-travel-ban-appeals-court-casts-skeptical-eye-at-revised-order.html,136
Trump travel ban: Appeals court casts skeptical eye at revised order,http://www.foxnews.com/politics/2017/05/08/trump-travel-ban-appeals-court-casts-skeptical-eye-at-revised-order.html,137
Trump travel ban: Appeals court takes first look at revised ... - Fox News,http://www.foxnews.com/politics/2017/05/08/trump-travel-ban-appeals-court-takes-first-look-at-revised-order.html,138
Trump travel ban: Appeals court takes first look at revised order,http://www.foxnews.com/politics/2017/05/08/trump-travel-ban-appeals-court-takes-first-look-at-revised-order.html,139
Yates takes heat over refusal to defend Trump travel ban,http://www.foxnews.com/politics/2017/05/08/yates-takes-heat-over-refusal-to-defend-trump-travel-ban.html,140
"'Additional vetting' already happening, DHS officials say",http://www.foxnews.com/politics/2017/05/09/additional-vetting-already-happening-dhs-officials-say.html,141
'Muslim ban' language scrubbed from Trump campaign website | Fox ...,http://www.foxnews.com/politics/2017/05/09/muslim-ban-language-scrubbed-from-trump-campaign-website.html,142
'Muslim ban' language scrubbed from Trump campaign website,http://www.foxnews.com/politics/2017/05/09/muslim-ban-language-scrubbed-from-trump-campaign-website.html,143
Ninth Circuit: Critics want to split up 'nutty' court that will hear Trump's travel ban,http://www.foxnews.com/politics/2017/05/09/ninth-circuit-critics-want-to-split-up-nutty-court-that-will-hear-trumps-travel-ban.html,144
Trump travel ban: Bill Clinton-appointed judges to decide ... - Fox News,http://www.foxnews.com/politics/2017/05/09/trump-travel-ban-bill-clinton-appointed-judges-to-decide-hawaii-appeal.html,145
Trump travel ban: Bill Clinton-appointed judges to decide Hawaii appeal,http://www.foxnews.com/politics/2017/05/09/trump-travel-ban-bill-clinton-appointed-judges-to-decide-hawaii-appeal.html,146
Trump's travel ban lands in Seattle appellate court | Fox News,http://www.foxnews.com/politics/2017/05/15/trumps-travel-ban-lands-in-seattle-appellate-court.html,147
Trump's travel ban lands in Seattle appellate court,http://www.foxnews.com/politics/2017/05/15/trumps-travel-ban-lands-in-seattle-appellate-court.html,148
Trump travel ban faces skeptical panel in 9th Circuit hearing | Fox News,http://www.foxnews.com/politics/2017/05/15/trump-travel-ban-faces-skeptical-panel-in-9th-circuit-hearing.html,149
Trump travel ban faces skeptical panel in 9th Circuit hearing,http://www.foxnews.com/politics/2017/05/15/trump-travel-ban-faces-skeptical-panel-in-9th-circuit-hearing.html,150
Trump travel ban blocked by Va.-based federal appeals court | Fox News,http://www.foxnews.com/politics/2017/05/25/trump-travel-ban-blocked-by-va-based-federal-appeals-court.html,151
Trump travel ban blocked by Va.-based federal appeals court,http://www.foxnews.com/politics/2017/05/25/trump-travel-ban-blocked-by-va-based-federal-appeals-court.html,152
Pence confident Supreme Court will uphold Trump's travel ban,http://www.foxnews.com/politics/2017/06/02/pence-confident-supreme-court-will-uphold-trumps-travel-ban.html,153
Supreme Court could rule within days on lifting temporary stay on travel ban,http://www.foxnews.com/politics/2017/06/02/supreme-court-could-rule-within-days-on-lifting-temporary-stay-on-travel-ban.html,154
Trump administration asks Supreme Court to let revised travel ban ...,http://www.foxnews.com/politics/2017/06/02/trump-administration-asks-supreme-court-to-let-revised-travel-ban-take-effect.html,155
Trump administration asks Supreme Court to let revised travel ban take effect,http://www.foxnews.com/politics/2017/06/02/trump-administration-asks-supreme-court-to-let-revised-travel-ban-take-effect.html,156
Trump uses suspected London terror attacks to again make case for US travel ban,http://www.foxnews.com/politics/2017/06/03/trump-uses-suspected-london-terror-attacks-to-again-make-case-for-us-travel-ban.html,157
Kellyanne Conway's husband swipes at Trump on Twitter,http://www.foxnews.com/politics/2017/06/05/kellyanne-conways-husband-swipes-at-trump-on-twitter.html,158
"Trump rips DOJ for 'watered down' travel ban, seeks swift ... - Fox News",http://www.foxnews.com/politics/2017/06/05/trump-rips-doj-for-watered-down-travel-ban-seeks-swift-court-hearing.html,159
"Trump rips DOJ for 'watered down' travel ban, seeks swift court hearing",http://www.foxnews.com/politics/2017/06/05/trump-rips-doj-for-watered-down-travel-ban-seeks-swift-court-hearing.html,160
'Travel ban' foes threaten to use Trump tweets against him ... - Fox News,http://www.foxnews.com/politics/2017/06/06/travel-ban-foes-threaten-to-use-trump-tweets-against-him-in-court.html,161
'Travel ban' foes threaten to use Trump tweets against him in court,http://www.foxnews.com/politics/2017/06/06/travel-ban-foes-threaten-to-use-trump-tweets-against-him-in-court.html,162
"Trump defends Twitter use, blasts 'MSM' criticism",http://www.foxnews.com/politics/2017/06/06/trump-defends-twitter-use-blasts-msm-criticism.html,163
Reports: Sessions offered to resign amid tensions with Trump,http://www.foxnews.com/politics/2017/06/07/reports-sessions-offered-to-resign-amid-tensions-with-trump.html,164
"Trump ups the ante on Twitter, defying media criticism and his own aides' advice",http://www.foxnews.com/politics/2017/06/07/trump-ups-ante-on-twitter-defying-media-criticism-and-his-own-aides-advice.html,165
9th Circuit rules against Trump travel ban,http://www.foxnews.com/politics/2017/06/12/9th-circuit-rules-against-trump-travel-ban.html,166
9th Circuit rules against Trump travel ban | Fox News,http://www.foxnews.com/politics/2017/06/12/hawaii-urges-court-to-keep-hold-on-trump-travel-ban.html,167
Trump delays effective date of travel ban amid court battle,http://www.foxnews.com/politics/2017/06/14/trump-delays-effective-date-travel-ban-amid-court-battle.html,168
Supreme Court decision shifts momentum in Trump travel ban case ...,http://www.foxnews.com/politics/2017/06/26/supreme-court-decision-shifts-momentum-in-trump-travel-ban-case.html,169
Supreme Court decision shifts momentum in Trump travel ban case,http://www.foxnews.com/politics/2017/06/26/supreme-court-decision-shifts-momentum-in-trump-travel-ban-case.html,170
Trump travel ban: Supreme Court reinstates key parts of ... - Fox News,http://www.foxnews.com/politics/2017/06/26/supreme-court-to-hear-trump-appeal-travel-ban-block.html,171
Trump travel ban: GOP lawmakers want Ruth Bader Ginsburg to recuse herself from case,http://www.foxnews.com/politics/2017/06/26/trump-travel-ban-gop-lawmakers-want-ruth-bader-ginsburg-to-recuse-herself-from-case.html,172
Trump travel ban: Supreme Court reinstates key parts of executive order,http://www.foxnews.com/politics/2017/06/26/trump-travel-ban-supreme-court-reinstates-key-parts-executive-order.html,173
"Court's travel ban ruling gives Trump a boost, changes ... - Fox News",http://www.foxnews.com/politics/2017/06/27/courts-travel-ban-ruling-gives-trump-boost-changes-media-narrative.html,174
"Court's travel ban ruling gives Trump a boost, changes media narrative",http://www.foxnews.com/politics/2017/06/27/courts-travel-ban-ruling-gives-trump-boost-changes-media-narrative.html,175
Trump travel ban: US issues new visa criteria for 6 Muslim ... - Fox News,http://www.foxnews.com/politics/2017/06/28/trump-travel-ban-us-issues-new-visa-criteria-for-6-muslim-nations.html,176
Trump travel ban: US issues new visa criteria for 6 Muslim nations,http://www.foxnews.com/politics/2017/06/28/trump-travel-ban-us-issues-new-visa-criteria-for-6-muslim-nations.html,177
Trump administration sets new visa rules for travel-ban ... - Fox News,http://www.foxnews.com/politics/2017/06/29/trump-administration-sets-new-visa-rules-for-travel-ban-countries-report-says.html,178
"Trump administration sets new visa rules for travel-ban countries, report says",http://www.foxnews.com/politics/2017/06/29/trump-administration-sets-new-visa-rules-for-travel-ban-countries-report-says.html,179
Trump travel ban takes effect to minimal disruption | Fox News,http://www.foxnews.com/politics/2017/06/29/trump-travel-ban-takes-effect-to-minimal-disruption.html,180
Trump travel ban takes effect to minimal disruption,http://www.foxnews.com/politics/2017/06/29/trump-travel-ban-takes-effect-to-minimal-disruption.html,181
Trump administration says 'I do' to adding fiances to travel ban ...,http://www.foxnews.com/politics/2017/06/30/trump-administration-says-do-to-adding-fiances-to-travel-ban-exemptions.html,182
Trump administration says ‘I do’ to adding fiances to travel ban exemptions,http://www.foxnews.com/politics/2017/06/30/trump-administration-says-do-to-adding-fiances-to-travel-ban-exemptions.html,183
Trump travel ban: White House defends interpretation of ... - Fox News,http://www.foxnews.com/politics/2017/07/04/trump-travel-ban-white-house-defends-interpretation-ruling.html,184
Trump travel ban: White House defends interpretation of ruling,http://www.foxnews.com/politics/2017/07/04/trump-travel-ban-white-house-defends-interpretation-ruling.html,185
"Terror-related acts committed by refugees widespread, according to new report",http://www.foxnews.com/politics/2017/07/05/terror-related-acts-committed-by-refugees-widespread-according-to-new-report.html,186
Trump travel ban exceptions left in place by Hawaii judge | Fox News,http://www.foxnews.com/politics/2017/07/06/trump-travel-ban-exceptions-left-in-place-by-hawaii-judge.html,187
Trump travel ban exceptions left in place by Hawaii judge,http://www.foxnews.com/politics/2017/07/06/trump-travel-ban-exceptions-left-in-place-by-hawaii-judge.html,188
Travel ban: Who does Trump's executive order block from ... - Fox News,http://www.foxnews.com/politics/2017/07/14/travel-ban-who-does-trumps-executive-order-block-from-entering-us.html,189
Travel ban: Who does Trump's executive order block from entering the US?,http://www.foxnews.com/politics/2017/07/14/travel-ban-who-does-trumps-executive-order-block-from-entering-us.html,190
Trump travel ban: Hawaii judge expands list of relatives ... - Fox News,http://www.foxnews.com/politics/2017/07/14/trump-travel-ban-hawaii-judge-expands-list-relatives-exempted-from-order.html,191
Trump travel ban: Hawaii judge expands list of relatives exempted from order,http://www.foxnews.com/politics/2017/07/14/trump-travel-ban-hawaii-judge-expands-list-relatives-exempted-from-order.html,192
"DOJ ask Supreme Court for 'immediate intervention' on immigration ban, documents show",http://www.foxnews.com/politics/2017/07/15/doj-ask-supreme-court-for-immediate-intervention-on-immigration-ban-documents-show.html,193
Justices allow strict enforcement of Trump refugee ban,http://www.foxnews.com/politics/2017/07/19/justices-allow-strict-enforcement-trump-refugee-ban.html,194
Trump travel ban: Timeline of a legal journey | Fox News,http://www.foxnews.com/politics/2017/07/19/trump-travel-ban-timeline-legal-journey.html,195
Trump travel ban: Timeline of a legal journey,http://www.foxnews.com/politics/2017/07/19/trump-travel-ban-timeline-legal-journey.html,196
Trump slams ‘Obstructionist Democrats’ as danger to national security,http://www.foxnews.com/politics/2017/08/18/trump-slams-obstructionist-democrats-as-danger-to-national-security.html,197
Trump needs the wall more than tax cuts | Fox News,http://www.foxnews.com/politics/2017/08/31/trump-needs-wall-more-than-tax-cuts.html,198
Warriors coach derides Trump administration's travel ban,http://www.foxnews.com/sports/2017/01/30/warriors-coach-derides-trump-administration-travel-ban.html,199
Pat Tillman's widow blasts Trump's travel ban,http://www.foxnews.com/sports/2017/01/31/pat-tillmans-widow-blasts-trumps-travel-ban.html,200
Iranian-born Gegard Mousasi hopeful to fight at UFC 210 despite Trump's travel ban,http://www.foxnews.com/sports/2017/02/01/iranian-born-gegard-mousasi-hopeful-to-fight-at-ufc-210-despite-trump-travel.html,201
Tesla and SpaceX join legal fight against Trump's travel ban,http://www.foxnews.com/tech/2017/02/07/tesla-and-spacex-join-legal-fight-against-trump-travel-ban.html,202
Americans debate the impact of Trump's travel ban,http://www.foxnews.com/transcript/2017/02/03/americans-debate-impact-trump-travel-ban.html,203
Is the president within his bounds with the travel ban?,http://www.foxnews.com/transcript/2017/02/06/is-president-within-his-bounds-with-travel-ban.html,204
Judge Napolitano talks travel ban legal battle; Epshteyn: Executive order is completely lawful,http://www.foxnews.com/transcript/2017/02/06/judge-napolitano-talks-travel-ban-legal-battle-epshteyn-executive-order-is.html,205
ACLU attorney analyzes the travel ban case; Sen. Cotton: Legislation focuses on American workers first,http://www.foxnews.com/transcript/2017/02/07/aclu-attorney-analyzes-travel-ban-case-sen-cotton-legislation-focuses-on.html,206
Assistant to President Trump on legal battle over travel ban; Why Trump has authority to put ban in place,http://www.foxnews.com/transcript/2017/02/07/assistant-to-president-trump-on-legal-battle-over-travel-ban-why-trump-has.html,207
The president's travel ban executive order goes to court,http://www.foxnews.com/transcript/2017/02/07/president-travel-ban-executive-order-goes-to-court.html,208
Legal showdown over President Trump's travel ban,http://www.foxnews.com/transcript/2017/02/08/legal-showdown-over-president-trump-travel-ban.html,209
"Sekulow, Bondi talk legality of temporary travel ban; Stephen Miller: Ban is lawful and necessary",http://www.foxnews.com/transcript/2017/02/08/sekulow-bondi-talk-legality-temporary-travel-ban-stephen-miller-ban-is-lawful.html,210
What happens to the travel ban if it ends up in SCOTUS?,http://www.foxnews.com/transcript/2017/02/08/what-happens-to-travel-ban-if-it-ends-up-in-scotus.html,211
Conway: Merits of executive order will prevail in court; Thiessen: Dems to follow policy of obstruction by litigation,http://www.foxnews.com/transcript/2017/02/09/conway-merits-executive-order-will-prevail-in-court-thiessen-dems-to-follow.html,212
Court rejects national security argument for travel ban,http://www.foxnews.com/transcript/2017/02/09/court-rejects-national-security-argument-for-travel-ban.html,213
Jay Sekulow outlines problems with travel ban court ruling,http://www.foxnews.com/transcript/2017/02/09/jay-sekulow-outlines-problems-with-travel-ban-court-ruling.html,214
Retired Marine's message about travel ban goes viral; Kansas secretary of state talks Trump's border wall plans,http://www.foxnews.com/transcript/2017/02/10/retired-marine-message-about-travel-ban-goes-viral-kansas-secretary-state-talks.html,215
Source: White House not likely to appeal 9th Circuit ruling,http://www.foxnews.com/transcript/2017/02/10/source-white-house-not-likely-to-appeal-th-circuit-ruling.html,216
Tech companies celebrate ruling against travel ban,http://www.foxnews.com/transcript/2017/02/11/tech-companies-celebrate-ruling-against-travel-ban.html,217
The Trump administration's battle over national security,http://www.foxnews.com/transcript/2017/02/13/trump-administration-battle-over-national-security.html,218
What's next for President Trump's travel ban?,http://www.foxnews.com/transcript/2017/03/16/what-next-for-president-trump-travel-ban.html,219
Ann Coulter speaks out against accepting refugees; Reps. Blackburn and Scalise talk health care bill changes,http://www.foxnews.com/transcript/2017/03/17/ann-coulter-speaks-out-against-accepting-refugees-reps-blackburn-and-scalise.html,220
Breaking down SCOTUS' partial reinstatement of travel ban,http://www.foxnews.com/transcript/2017/06/26/breaking-down-scotus-partial-reinstatement-travel-ban.html,221
Gutfeld: Trump's travel ban vindicated,http://www.foxnews.com/transcript/2017/06/26/gutfeld-trumps-travel-ban-vindicated.html,222
Supreme Court partially reinstates President Trump's travel ban,http://www.foxnews.com/transcript/2017/06/26/supreme-court-partially-reinstates-president-trumps-travel-ban.html,223
Why the travel ban ruling is a political win for Trump,http://www.foxnews.com/transcript/2017/06/26/why-travel-ban-ruling-is-political-win-for-trump.html,224
Major developments on two of Trump's campaign promises,http://www.foxnews.com/transcript/2017/06/29/major-developments-on-two-trumps-campaign-promises.html,225
What's next for health care?; Victory for Trump as parts of travel ban go into effect,http://www.foxnews.com/transcript/2017/07/01/whats-next-for-health-care-victory-for-trump-as-parts-travel-ban-go-into-effect.html,226
Cruise lines weigh in on potential impact of President Trump's travel ban,http://www.foxnews.com/travel/2017/02/01/cruise-lines-weigh-in-on-potential-impact-president-trumps-travel-ban.html,227
"College museum shrouds, removes immigrant artworks in protest of Trump travel ban",http://www.foxnews.com/travel/2017/02/17/wellesley-museum-shrouds-removes-immigrant-artworks-in-protest-trump-travel-ban.html,228
Travel industry experts warn US tourism could take major hit under Trump,http://www.foxnews.com/travel/2017/03/01/travel-industry-experts-warn-us-tourism-could-take-major-hit-under-trump.html,229
Manchester attack: Social media calls for travel ban after UK tragedy,http://www.foxnews.com/travel/2017/05/23/manchester-attack-social-media-calls-for-travel-ban-after-uk-tragedy.html,230
Supreme Court travel ban: Flood of lawsuits expected from ruling,http://www.foxnews.com/travel/2017/06/28/supreme-court-travel-ban-flood-lawsuits-expected-from-ruling.html,231
Protests erupt at airports following Trump travel ban | Fox News,http://www.foxnews.com/us/2017/01/29/protests-erupt-at-airports-following-trump-travel-ban.html,232
Protests erupt at airports following Trump travel ban,http://www.foxnews.com/us/2017/01/29/protests-erupt-at-airports-following-trump-travel-ban.html,233
Tears and detention for US visitors as Trump travel ban hits | Fox News,http://www.foxnews.com/us/2017/01/29/tears-and-detention-for-us-visitors-as-trump-travel-ban-hits.html,234
Tears and detention for US visitors as Trump travel ban hits,http://www.foxnews.com/us/2017/01/29/tears-and-detention-for-us-visitors-as-trump-travel-ban-hits.html,235
US judge bars deportations under Trump travel ban | Fox News,http://www.foxnews.com/us/2017/01/29/us-judge-bars-deportations-under-trump-travel-ban.html,236
US judge bars deportations under Trump travel ban,http://www.foxnews.com/us/2017/01/29/us-judge-bars-deportations-under-trump-travel-ban.html,237
"With students stranded abroad, colleges condemn travel ban",http://www.foxnews.com/us/2017/01/29/with-students-stranded-abroad-colleges-condemn-travel-ban.html,238
Muslim civil rights group challenges Trump travel ban,http://www.foxnews.com/us/2017/01/30/muslim-civil-rights-group-challenges-trump-travel-ban.html,239
"Trump's travel ban jolts globe, leads to legal fight | Fox News",http://www.foxnews.com/us/2017/01/30/trump-travel-ban-jolts-globe-leads-to-legal-fight.html,240
"Trump's travel ban jolts globe, leads to legal fight",http://www.foxnews.com/us/2017/01/30/trump-travel-ban-jolts-globe-leads-to-legal-fight.html,241
"Veterans protest travel ban, saying it hurts interpreters",http://www.foxnews.com/us/2017/01/30/veterans-protest-travel-ban-saying-it-hurts-interpreters.html,242
"White House, US diplomats clash over travel order",http://www.foxnews.com/us/2017/01/30/white-house-us-diplomats-clash-over-travel-order.html,243
Correction: Trump-Travel Ban-Supporters story,http://www.foxnews.com/us/2017/01/31/correction-trump-travel-ban-supporters-story.html,244
"Diplomats defy White House warning, criticize travel ban",http://www.foxnews.com/us/2017/01/31/diplomats-defy-white-house-warning-criticize-travel-ban.html,245
Some Sept. 11 families speak out against Trump's travel ban,http://www.foxnews.com/us/2017/01/31/some-sept-11-families-speak-out-against-trump-travel-ban.html,246
"Travel ban throws research, academic exchange into turmoil",http://www.foxnews.com/us/2017/01/31/travel-ban-throws-research-academic-exchange-into-turmoil.html,247
"Admin clarifies, again, travel ban rules for legal residents",http://www.foxnews.com/us/2017/02/01/admin-clarifies-again-travel-ban-rules-for-legal-residents.html,248
"Delis, bodegas to close in protest of Trump travel ban",http://www.foxnews.com/us/2017/02/01/delis-bodegas-to-close-in-protest-trump-travel-ban.html,249
Journalist says he was wrongly detained under travel ban,http://www.foxnews.com/us/2017/02/01/journalist-says-was-wrongly-detained-under-travel-ban.html,250
"Agreement reached between government, brothers on travel ban",http://www.foxnews.com/us/2017/02/02/agreement-reached-between-government-brothers-on-travel-ban.html,251
Federal judges to hear arguments defending Trump travel ban,http://www.foxnews.com/us/2017/02/02/federal-judges-to-hear-arguments-defending-trump-travel-ban.html,252
Imam comes clean about Michigan man's claim that mom died due to travel ban,http://www.foxnews.com/us/2017/02/02/imam-comes-clean-about-michigan-mans-claim-that-mom-died-due-to-travel-ban.html,253
Jordanian teen caught up in extra scrutiny after travel ban,http://www.foxnews.com/us/2017/02/02/jordanian-teen-caught-up-in-extra-scrutiny-after-travel-ban.html,254
Man sent back to Iran under Trump travel ban returns to US,http://www.foxnews.com/us/2017/02/02/man-sent-back-to-iran-under-trump-travel-ban-returns-to-us.html,255
Yemenis close NYC shops in protest of Trump travel ban,http://www.foxnews.com/us/2017/02/02/yemenis-close-nyc-shops-in-protest-trump-travel-ban.html,256
California university students sue over Trump travel ban,http://www.foxnews.com/us/2017/02/03/california-university-students-sue-over-trump-travel-ban.html,257
How legal challenges to Trump travel ban are playing out,http://www.foxnews.com/us/2017/02/03/how-legal-challenges-to-trump-travel-ban-are-playing-out.html,258
Iraqi interpreter arrives in America after travel ban scuttles his plans,http://www.foxnews.com/us/2017/02/03/iraqi-interpreter-arrives-in-america-after-travel-ban-scuttles-his-plans.html,259
The Latest: US judge temporarily blocks Trump's travel ban | Fox News,http://www.foxnews.com/us/2017/02/03/latest-us-judge-temporarily-blocks-trump-travel-ban.html,260
The Latest: US judge temporarily blocks Trump's travel ban,http://www.foxnews.com/us/2017/02/03/latest-us-judge-temporarily-blocks-trump-travel-ban.html,261
Record numbers for race to benefit refugees after travel ban,http://www.foxnews.com/us/2017/02/03/record-numbers-for-race-to-benefit-refugees-after-travel-ban.html,262
US judge temporarily blocks Trump's travel ban nationwide | Fox News,http://www.foxnews.com/us/2017/02/03/us-judge-temporarily-blocks-trump-travel-ban-nationwide.html,263
US judge temporarily blocks Trump's travel ban nationwide,http://www.foxnews.com/us/2017/02/03/us-judge-temporarily-blocks-trump-travel-ban-nationwide.html,264
Trump lashes out at travel ban ruling by 'so-called judge',http://www.foxnews.com/us/2017/02/04/trump-lashes-out-at-travel-ban-ruling-by-so-called-judge.html,265
Visa holders hurry to board flights to US amid reprieve,http://www.foxnews.com/us/2017/02/04/visa-holders-hurry-to-board-flights-to-us-amid-reprieve.html,266
Court denies Trump request to immediately restore travel ban,http://www.foxnews.com/us/2017/02/05/court-denies-trump-request-to-immediately-restore-travel-ban.html,267
"Iranian Americans feel stuck, confused, afraid of travel ban",http://www.foxnews.com/us/2017/02/05/iranian-americans-feel-stuck-confused-afraid-travel-ban.html,268
"Trump ban blocked, spokesman says Iranian woman back in US",http://www.foxnews.com/us/2017/02/05/trump-ban-blocked-spokesman-says-iranian-woman-back-in-us.html,269
"Apple, Google, Uber join fight against Trump travel ban",http://www.foxnews.com/us/2017/02/06/apple-google-uber-join-fight-against-trump-travel-ban.html,270
"Travelers denied entry a week ago, now arriving in US",http://www.foxnews.com/us/2017/02/06/travelers-denied-entry-week-ago-now-arriving-in-us.html,271
US court to hear arguments on Trump's travel ban | Fox News,http://www.foxnews.com/us/2017/02/06/us-court-to-hear-arguments-on-trumps-travel-ban.html,272
US court to hear arguments on Trump's travel ban,http://www.foxnews.com/us/2017/02/06/us-court-to-hear-arguments-on-trumps-travel-ban.html,273
White House expresses confidence travel ban will be restored,http://www.foxnews.com/us/2017/02/06/white-house-expresses-confidence-travel-ban-will-be-restored.html,274
Analysis: Trump paints dark picture in defense of travel ban,http://www.foxnews.com/us/2017/02/07/analysis-trump-paints-dark-picture-in-defense-travel-ban.html,275
Federal judges express skepticism about Trump travel ban,http://www.foxnews.com/us/2017/02/07/federal-judges-express-skepticism-about-trump-travel-ban.html,276
The Latest: Court arguments begin over Trump travel ban | Fox News,http://www.foxnews.com/us/2017/02/07/latest-court-arguments-begin-over-trump-travel-ban.html,277
The Latest: Court arguments begin over Trump travel ban,http://www.foxnews.com/us/2017/02/07/latest-court-arguments-begin-over-trump-travel-ban.html,278
AP FACT CHECK: Trump order didn't lead to IS leader's arrest,http://www.foxnews.com/us/2017/02/08/ap-fact-check-trump-order-didnt-lead-to-is-leader-arrest.html,279
"Court mulls travel ban: To compound whiplash, or calm it?",http://www.foxnews.com/us/2017/02/08/court-mulls-travel-ban-to-compound-whiplash-or-calm-it.html,280
A look at the judges who will rule on Trump's travel ban,http://www.foxnews.com/us/2017/02/08/look-at-judges-who-will-rule-on-trump-travel-ban.html,281
"Trump defends travel ban, questions judges",http://www.foxnews.com/us/2017/02/08/trump-defends-travel-ban-questions-judges.html,282
Trump travel ban in hands of federal appeals court,http://www.foxnews.com/us/2017/02/08/trump-travel-ban-in-hands-federal-appeals-court.html,283
Appeals court: Decision on Trump travel ban coming Thursday,http://www.foxnews.com/us/2017/02/09/appeals-court-decision-on-trump-travel-ban-coming-thursday.html,284
Debating the travel ban? Terms to understand what's what,http://www.foxnews.com/us/2017/02/09/debating-travel-ban-terms-to-understand-what-what.html,285
The Latest: US court refuses to reinstate Trump's travel ban,http://www.foxnews.com/us/2017/02/09/latest-us-court-refuses-to-reinstate-trump-travel-ban.html,286
Reaction to court refusing to reinstate Trump travel ban,http://www.foxnews.com/us/2017/02/09/reaction-to-court-refusing-to-reinstate-trump-travel-ban.html,287
Spotlight on 3 judges ruling on President Trump's travel ban,http://www.foxnews.com/us/2017/02/09/spotlight-on-3-judges-ruling-on-president-trump-travel-ban.html,288
"Trump responds to ruling on travel ban: ""SEE YOU IN COURT""",http://www.foxnews.com/us/2017/02/09/trump-responds-to-ruling-on-travel-ban-see-in-court.html,289
Appeals court rejection leaves Trump travel ban on hold,http://www.foxnews.com/us/2017/02/10/appeals-court-rejection-leaves-trump-travel-ban-on-hold.html,290
The Latest: Virginia challenges Trump travel ban in court,http://www.foxnews.com/us/2017/02/10/latest-virginia-challenges-trump-travel-ban-in-court.html,291
Lawyers for Virginia challenging Trump travel ban in court,http://www.foxnews.com/us/2017/02/10/lawyers-for-virginia-challenging-trump-travel-ban-in-court.html,292
The next steps in the legal fight over Trump's travel ban,http://www.foxnews.com/us/2017/02/10/next-steps-in-legal-fight-over-trump-travel-ban.html,293
Trump to travel ban opponents after ruling: See you in court,http://www.foxnews.com/us/2017/02/10/trump-to-travel-ban-opponents-after-ruling-see-in-court.html,294
AP Explains: Trump's options for restoring travel ban,http://www.foxnews.com/us/2017/02/11/ap-explains-trump-options-for-restoring-travel-ban.html,295
Opponents of Trump's travel ban look to score another win,http://www.foxnews.com/us/2017/02/11/opponents-trump-travel-ban-look-to-score-another-win.html,296
Judge grants injunction against Trump travel ban in Virginia,http://www.foxnews.com/us/2017/02/13/judge-grants-injunction-against-trump-travel-ban-in-virginia.html,297
The Latest: Trump travel ban case can proceed in lower court,http://www.foxnews.com/us/2017/02/13/latest-trump-travel-ban-case-can-proceed-in-lower-court.html,298
States want Trump travel ban case to proceed in lower court,http://www.foxnews.com/us/2017/02/13/states-want-trump-travel-ban-case-to-proceed-in-lower-court.html,299
Travel ban risks alienating key partners in fight against IS,http://www.foxnews.com/us/2017/02/13/travel-ban-risks-alienating-key-partners-in-fight-against-is.html,300
"Universities tell judge travel ban hurts schools, students",http://www.foxnews.com/us/2017/02/13/universities-tell-judge-travel-ban-hurts-schools-students.html,301
Federal judge blocks Trump travel ban for Virginia residents | Fox News,http://www.foxnews.com/us/2017/02/14/federal-judge-blocks-trump-travel-ban-for-virginia-residents.html,302
Federal judge blocks Trump travel ban for Virginia residents,http://www.foxnews.com/us/2017/02/14/federal-judge-blocks-trump-travel-ban-for-virginia-residents.html,303
"Texas splits with other states, defends Trump travel ban",http://www.foxnews.com/us/2017/02/15/texas-splits-with-other-states-defends-trump-travel-ban.html,304
Trump seeks to end legal fight with revised travel ban,http://www.foxnews.com/us/2017/02/16/trump-seeks-to-end-legal-fight-with-revised-travel-ban.html,305
Cities ask federal judge to keep Trump travel ban on hold,http://www.foxnews.com/us/2017/02/17/cities-ask-federal-judge-to-keep-trump-travel-ban-on-hold.html,306
Oregon joins suit against President Trump's travel ban,http://www.foxnews.com/us/2017/02/23/oregon-joins-suit-against-president-trump-travel-ban.html,307
DHS intel report disputes threat posed by travel ban nations,http://www.foxnews.com/us/2017/02/24/dhs-intel-report-disputes-threat-posed-by-travel-ban-nations.html,308
AP Exclusive: Analysts downplay threat from 7 nations in ban,http://www.foxnews.com/us/2017/02/25/ap-exclusive-analysts-downplay-threat-from-7-nations-in-ban.html,309
"Airports, legal volunteers prepare for new Trump travel ban",http://www.foxnews.com/us/2017/02/28/airports-legal-volunteers-prepare-for-new-trump-travel-ban.html,310
Not so urgent anymore? Trump's new travel ban delayed,http://www.foxnews.com/us/2017/03/02/not-so-urgent-anymore-trump-new-travel-ban-delayed.html,311
Trump expected to sign new travel ban order,http://www.foxnews.com/us/2017/03/05/trump-expected-to-sign-new-travel-ban-order.html,312
"300 refugees subjects of FBI terror investigations, U.S. officials say",http://www.foxnews.com/us/2017/03/06/300-refugees-subjects-fbi-terror-investigations-u-s-officials-say.html,313
The Latest: Ban halts entries for 6 Muslim-majority nations,http://www.foxnews.com/us/2017/03/06/latest-ban-halts-entries-for-6-muslim-majority-nations.html,314
"A look at what's in, what's out in Trump's new travel ban",http://www.foxnews.com/us/2017/03/06/look-at-what-in-what-out-in-trump-new-travel-ban.html,315
Morning brief: Trump may sign revised travel ban order,http://www.foxnews.com/us/2017/03/06/morning-brief-trump-may-sign-revised-travel-ban-order.html,316
"New travel ban eases some legal questions, but not all",http://www.foxnews.com/us/2017/03/06/new-travel-ban-eases-some-legal-questions-but-not-all.html,317
Revised travel ban order headed to Trump,http://www.foxnews.com/us/2017/03/06/revised-travel-ban-order-headed-to-trump.html,318
"Critics on new travel ban: more palatable, still problematic",http://www.foxnews.com/us/2017/03/07/critics-on-new-travel-ban-more-palatable-still-problematic.html,319
"Experts: New travel ban more palatable, still problematic",http://www.foxnews.com/us/2017/03/07/experts-new-travel-ban-more-palatable-still-problematic.html,320
Hawaii plans to fight President Trump's revised travel ban,http://www.foxnews.com/us/2017/03/07/hawaii-plans-to-fight-president-trump-revised-travel-ban.html,321
Protesters rally in Harvard Square against Trump travel ban,http://www.foxnews.com/us/2017/03/07/protesters-rally-in-harvard-square-against-trump-travel-ban.html,322
Trump's new travel ban comes without the chaos of first one,http://www.foxnews.com/us/2017/03/07/trump-new-travel-ban-comes-without-chaos-first-one.html,323
Hawaii files amended lawsuit to fight Trump's travel ban,http://www.foxnews.com/us/2017/03/08/hawaii-files-amended-lawsuit-to-fight-trump-travel-ban.html,324
Hawaii becomes 1st state to sue over Trump's new travel ban,http://www.foxnews.com/us/2017/03/09/hawaii-becomes-1st-state-to-sue-over-trump-new-travel-ban.html,325
Hawaii files lawsuit over Trump's revised travel ban,http://www.foxnews.com/us/2017/03/09/hawaii-files-lawsuit-over-trump-revised-travel-ban.html,326
The Latest: Hawaii is 1st state to sue over new travel ban,http://www.foxnews.com/us/2017/03/09/latest-hawaii-is-1st-state-to-sue-over-new-travel-ban.html,327
The Latest: State officials to discuss travel ban lawsuits,http://www.foxnews.com/us/2017/03/09/latest-state-officials-to-discuss-travel-ban-lawsuits.html,328
A look at legal issues with Trump's revised travel ban,http://www.foxnews.com/us/2017/03/09/look-at-legal-issues-with-trump-revised-travel-ban.html,329
Democratic AGs mount fight against Trump travel ban,http://www.foxnews.com/us/2017/03/10/democratic-ags-mount-fight-against-trump-travel-ban.html,330
Syrian refugee challenges new travel ban in federal court,http://www.foxnews.com/us/2017/03/10/syrian-refugee-challenges-new-travel-ban-in-federal-court.html,331
Travel ban challenge puts Hawaii's few Muslims in spotlight,http://www.foxnews.com/us/2017/03/10/travel-ban-challenge-puts-hawaii-few-muslims-in-spotlight.html,332
The Latest: States seeks Tuesday Trump travel ban hearing,http://www.foxnews.com/us/2017/03/13/latest-states-seeks-tuesday-trump-travel-ban-hearing.html,333
States seeking Trump travel ban block want new hearing,http://www.foxnews.com/us/2017/03/13/states-seeking-trump-travel-ban-block-want-new-hearing.html,334
Q&A: Trump travel ban faces key test in multiple courtrooms,http://www.foxnews.com/us/2017/03/14/qa-trump-travel-ban-faces-key-test-in-multiple-courtrooms.html,335
Hawaii fears travel ban goes against welcoming aloha spirit,http://www.foxnews.com/us/2017/03/15/hawaii-fears-travel-ban-goes-against-welcoming-aloha-spirit.html,336
The Latest: Tech companies opposed to Trump's travel ban,http://www.foxnews.com/us/2017/03/15/latest-tech-companies-opposed-to-trump-travel-ban.html,337
Trump travel ban faces key test in multiple courtrooms,http://www.foxnews.com/us/2017/03/15/trump-travel-ban-faces-key-test-in-multiple-courtrooms.html,338
"Excerpts of travel ban rulings by Hawaii, Maryland judges",http://www.foxnews.com/us/2017/03/16/excerpts-travel-ban-rulings-by-hawaii-maryland-judges.html,339
The Latest: Trump suffers new defeat on revised travel ban,http://www.foxnews.com/us/2017/03/16/latest-trump-suffers-new-defeat-on-revised-travel-ban.html,340
Trump suffers second defeat as revised travel ban on hold,http://www.foxnews.com/us/2017/03/16/trump-suffers-second-defeat-as-revised-travel-ban-on-hold.html,341
The Latest: Seattle judge puts off ruling on travel ban,http://www.foxnews.com/us/2017/03/17/latest-seattle-judge-puts-off-ruling-on-travel-ban.html,342
Trump administration fights Syrian's travel ban lawsuit,http://www.foxnews.com/us/2017/03/17/trump-administration-fights-syrian-travel-ban-lawsuit.html,343
Trump's Muslim rhetoric key issue in travel ban rulings,http://www.foxnews.com/us/2017/03/17/trump-muslim-rhetoric-key-issue-in-travel-ban-rulings.html,344
Travel ban fight personal for Hawaii's 'scholarly gentleman',http://www.foxnews.com/us/2017/03/18/travel-ban-fight-personal-for-hawaii-scholarly-gentleman.html,345
US asks Hawaii judge to clarify ruling on Trump travel ban,http://www.foxnews.com/us/2017/03/18/us-asks-hawaii-judge-to-clarify-ruling-on-trump-travel-ban.html,346
The Latest: Judge rejects request to clarify travel order,http://www.foxnews.com/us/2017/03/19/latest-judge-rejects-request-to-clarify-travel-order.html,347
Muslim advocacy group seeks broader travel-ban injunction,http://www.foxnews.com/us/2017/03/21/muslim-advocacy-group-seeks-broader-travel-ban-injunction.html,348
Judge in Virginia declines to block travel ban,http://www.foxnews.com/us/2017/03/24/judge-in-virginia-declines-to-block-travel-ban.html,349
The Latest: Appeals court sets hearing in travel ban case,http://www.foxnews.com/us/2017/03/24/latest-appeals-court-sets-hearing-in-travel-ban-case.html,350
13 states urge appeals court to OK Trump travel ban | Fox News,http://www.foxnews.com/us/2017/03/27/13-states-urge-appeals-court-to-ok-trump-travel-ban.html,351
13 states urge appeals court to OK Trump travel ban,http://www.foxnews.com/us/2017/03/27/13-states-urge-appeals-court-to-ok-trump-travel-ban.html,352
The Latest: Hawaii: Keep travel ban halted without hearing,http://www.foxnews.com/us/2017/03/27/latest-hawaii-keep-travel-ban-halted-without-hearing.html,353
The Latest: Hearing starts on extending block to travel ban,http://www.foxnews.com/us/2017/03/29/latest-hearing-starts-on-extending-block-to-travel-ban.html,354
US judge to hear arguments on longer block to travel ban,http://www.foxnews.com/us/2017/03/29/us-judge-to-hear-arguments-on-longer-block-to-travel-ban.html,355
The Latest: Hawaii AG: An appeal of travel ban ruling likely,http://www.foxnews.com/us/2017/03/30/latest-hawaii-ag-appeal-travel-ban-ruling-likely.html,356
A look at latest ruling on Trump administration travel ban,http://www.foxnews.com/us/2017/03/30/look-at-latest-ruling-on-trump-administration-travel-ban.html,357
"16 states, DC urge court to continue to block travel ban",http://www.foxnews.com/us/2017/03/31/16-states-dc-urge-court-to-continue-to-block-travel-ban.html,358
US seeks speedy appeal hearing in Hawaii travel ban case,http://www.foxnews.com/us/2017/03/31/us-seeks-speedy-appeal-hearing-in-hawaii-travel-ban-case.html,359
The Latest: Court sets schedule for travel ban appeal,http://www.foxnews.com/us/2017/04/03/latest-court-sets-schedule-for-travel-ban-appeal.html,360
Trump administration: Travel ban is religiously neutral,http://www.foxnews.com/us/2017/04/07/trump-administration-travel-ban-is-religiously-neutral.html,361
14 states urge appeals court to reinstate travel ban,http://www.foxnews.com/us/2017/04/10/14-states-urge-appeals-court-to-reinstate-travel-ban.html,362
Hawaii asks full court to hear Trump travel ban appeal,http://www.foxnews.com/us/2017/04/11/hawaii-asks-full-court-to-hear-trump-travel-ban-appeal.html,363
"Attorneys general from 16 states, DC fight travel ban appeal",http://www.foxnews.com/us/2017/04/19/attorneys-general-from-16-states-dc-fight-travel-ban-appeal.html,364
3 judges to hear appeal of Hawaii ruling blocking travel ban,http://www.foxnews.com/us/2017/04/21/3-judges-to-hear-appeal-hawaii-ruling-blocking-travel-ban.html,365
Judge seems reluctant to issue another travel ban injunction,http://www.foxnews.com/us/2017/04/21/judge-seems-reluctant-to-issue-another-travel-ban-injunction.html,366
Trump repeats criticism of court that halted 1st travel ban,http://www.foxnews.com/us/2017/04/27/trump-repeats-criticism-court-that-halted-1st-travel-ban.html,367
Q&A: Trump's new travel ban faces key test in appeals court,http://www.foxnews.com/us/2017/05/06/qa-trump-new-travel-ban-faces-key-test-in-appeals-court.html,368
Appeals court to weigh challenge to revised Trump travel ban,http://www.foxnews.com/us/2017/05/08/appeals-court-to-weigh-challenge-to-revised-trump-travel-ban.html,369
The Latest: 13 judges to hear revised Trump travel ban case,http://www.foxnews.com/us/2017/05/08/latest-13-judges-to-hear-revised-trump-travel-ban-case.html,370
Far fewer refugees entering US despite travel ban setbacks,http://www.foxnews.com/us/2017/05/09/far-fewer-refugees-entering-us-despite-travel-ban-setbacks.html,371
Trump's comments on Muslims could haunt him in appeals court,http://www.foxnews.com/us/2017/05/09/trump-comments-on-muslims-could-haunt-him-in-appeals-court.html,372
Federal judge in DC delays ruling in Trump travel ban case | Fox News,http://www.foxnews.com/us/2017/05/11/federal-judge-in-dc-delays-ruling-in-trump-travel-ban-case.html,373
Federal judge in DC delays ruling in Trump travel ban case,http://www.foxnews.com/us/2017/05/11/federal-judge-in-dc-delays-ruling-in-trump-travel-ban-case.html,374
Federal judges ask if travel ban is biased against Muslims,http://www.foxnews.com/us/2017/05/15/another-appeals-court-to-weigh-trumps-revised-travel-ban.html,375
AP News Guide: What to know about travel ban appeals,http://www.foxnews.com/us/2017/05/15/ap-news-guide-what-to-know-about-travel-ban-appeals.html,376
The Latest: Trump confident travel ban is lawful | Fox News,http://www.foxnews.com/us/2017/05/15/latest-court-peppers-lawyer-about-trump-travel-ban.html,377
The Latest: Trump confident travel ban is lawful,http://www.foxnews.com/us/2017/05/15/latest-court-peppers-lawyer-about-trump-travel-ban.html,378
The Latest: Trump confident travel ban will be upheld,http://www.foxnews.com/us/2017/05/15/latest-trump-confident-travel-ban-will-be-upheld.html,379
Travel ban judges scrutinize Trump's Muslim statements,http://www.foxnews.com/us/2017/05/15/travel-ban-judges-scrutinize-trump-muslim-statements.html,380
Who are 3 judges who heard arguments on Trump travel ban?,http://www.foxnews.com/us/2017/05/15/who-are-3-judges-hearing-arguments-on-trump-travel-ban.html,381
Who are 3 judges who heard arguments on Trump travel ban?,http://www.foxnews.com/us/2017/05/15/who-are-3-judges-who-heard-arguments-on-trump-travel-ban.html,382
Q&A: What to know about travel ban appeals,http://www.foxnews.com/us/2017/05/16/q-what-to-know-about-travel-ban-appeals.html,383
Trump travel ban blocked; fight headed for Supreme Court | Fox News,http://www.foxnews.com/us/2017/05/25/appeals-court-deals-blow-to-trump-administration-travel-ban.html,384
Trump travel ban blocked; fight headed for Supreme Court,http://www.foxnews.com/us/2017/05/25/appeals-court-deals-blow-to-trump-administration-travel-ban.html,385
The Latest: Trump to take travel ban to Supreme Court,http://www.foxnews.com/us/2017/05/25/latest-court-trump-travel-ban-rooted-in-intolerance.html,386
Q&A: A look at latest legal loss for Trump travel ban,http://www.foxnews.com/us/2017/05/25/q-look-at-latest-legal-loss-for-trump-travel-ban.html,387
NC billboard supporting Trump travel ban ignites ... - Fox News,http://www.foxnews.com/us/2017/05/26/nc-billboard-supporting-trump-travel-ban-ignites-controversy-with-911-reference.html,388
NC billboard supporting Trump travel ban ignites controversy with 9/11 reference,http://www.foxnews.com/us/2017/05/26/nc-billboard-supporting-trump-travel-ban-ignites-controversy-with-911-reference.html,389
Q&A: A look at latest legal loss for Trump travel ban,http://www.foxnews.com/us/2017/05/26/q-look-at-latest-legal-loss-for-trump-travel-ban.html,390
Trump travel ban showdown headed for Supreme Court,http://www.foxnews.com/us/2017/05/26/trump-travel-ban-showdown-headed-for-supreme-court.html,391
Supreme Court travel ban case could test Trump's reach,http://www.foxnews.com/us/2017/05/27/supreme-court-travel-ban-case-could-test-trumps-reach.html,392
"Trump a ‘racist, sexist megalomaniac,’ Princeton prof says in commencement speech",http://www.foxnews.com/us/2017/05/28/trump-racist-sexist-megalomaniac-princeton-prof-says-in-commencement-speech.html,393
Travel ban to test Supreme Court view of presidential power,http://www.foxnews.com/us/2017/05/29/travel-ban-to-test-supreme-court-view-presidential-power.html,394
Trump asks Supreme Court to reinstate travel ban,http://www.foxnews.com/us/2017/06/01/trump-asks-supreme-court-to-reinstate-travel-ban.html,395
The Latest: ACLU against effort to allow Trump travel ban,http://www.foxnews.com/us/2017/06/02/latest-aclu-against-effort-to-allow-trump-travel-ban.html,396
Morning brief: White House asks Supreme Court to revive travel order,http://www.foxnews.com/us/2017/06/02/morning-brief-white-house-asks-supreme-court-to-revive-travel-order.html,397
Supreme Court asked to let Trump travel ban take effect,http://www.foxnews.com/us/2017/06/02/trump-asks-supreme-court-to-reinstate-travel-ban.html,398
The Latest: Trump's condolences to British prime minister,http://www.foxnews.com/us/2017/06/03/latest-trumps-condolences-to-british-prime-minister.html,399
The Latest: Critics say Trump tweets may undercut legal case,http://www.foxnews.com/us/2017/06/05/latest-travel-ban-critics-say-trump-is-hurting-his-case.html,400
Legal experts to Trump on travel ban: Twitter hurting cause | Fox News,http://www.foxnews.com/us/2017/06/05/trump-lashes-out-at-doj-over-travel-ban-legal-strategy.html,401
Legal experts to Trump on travel ban: Twitter hurting cause,http://www.foxnews.com/us/2017/06/05/trump-lashes-out-at-doj-over-travel-ban-legal-strategy.html,402
"Trump travel ban dealt another blow, faces high court next | Fox News",http://www.foxnews.com/us/2017/06/12/another-us-appeals-court-keeps-trumps-travel-ban-blocked.html,403
"Trump travel ban dealt another blow, faces high court next",http://www.foxnews.com/us/2017/06/12/another-us-appeals-court-keeps-trumps-travel-ban-blocked.html,404
Hawaii urges court to keep hold on Trump travel ban,http://www.foxnews.com/us/2017/06/12/hawaii-urges-court-to-keep-hold-on-trump-travel-ban.html,405
The Latest: Hawaii official: Ruling shows US system works,http://www.foxnews.com/us/2017/06/12/latest-white-house-says-travel-ban-is-fully-lawful.html,406
Justices give gov't time to address second travel ban ruling,http://www.foxnews.com/us/2017/06/13/justices-give-govt-time-to-address-second-travel-ban-ruling.html,407
Q&A: What's next in the legal fight over the travel ban,http://www.foxnews.com/us/2017/06/13/q-whats-next-in-legal-fight-over-travel-ban.html,408
Trump says travel ban ruling comes at 'dangerous time',http://www.foxnews.com/us/2017/06/13/trump-says-travel-ban-ruling-comes-at-dangerous-time.html,409
Trump pushes back on claims that travel ban soon to expire,http://www.foxnews.com/us/2017/06/14/trump-delays-effective-date-travel-ban-amid-court-battle.html,410
Trump visiting Supreme Court as justices weigh travel ban,http://www.foxnews.com/us/2017/06/15/trump-visiting-supreme-court-as-justices-weigh-travel-ban.html,411
Poll: Courts are right in blocking Trump's travel ban | Fox News,http://www.foxnews.com/us/2017/06/19/poll-courts-are-right-in-blocking-trumps-travel-ban.html,412
Poll: Courts are right in blocking Trump's travel ban,http://www.foxnews.com/us/2017/06/19/poll-courts-are-right-in-blocking-trumps-travel-ban.html,413
Poll: Courts are right in blocking Trump's travel ban,http://www.foxnews.com/us/2017/06/20/poll-courts-are-right-in-blocking-trumps-travel-ban.html,414
Supreme Court could reveal action on travel ban at any time | Fox News,http://www.foxnews.com/us/2017/06/23/supreme-court-could-reveal-action-on-travel-ban-at-any-time.html,415
Supreme Court could reveal action on travel ban at any time,http://www.foxnews.com/us/2017/06/23/supreme-court-could-reveal-action-on-travel-ban-at-any-time.html,416
"Big cases, retirement rumors as Supreme Court nears finish",http://www.foxnews.com/us/2017/06/24/big-cases-retirement-rumors-as-supreme-court-nears-finish.html,417
Options for Supreme Court on Trump travel ban | Fox News,http://www.foxnews.com/us/2017/06/25/options-for-supreme-court-on-trump-travel-ban.html,418
Options for Supreme Court on Trump travel ban,http://www.foxnews.com/us/2017/06/25/options-for-supreme-court-on-trump-travel-ban.html,419
Attention on Supreme Court as justice weigh Trump travel ban | Fox ...,http://www.foxnews.com/us/2017/06/26/attention-on-supreme-court-as-justice-weigh-trump-travel-ban.html,420
Attention on Supreme Court as justice weigh Trump travel ban,http://www.foxnews.com/us/2017/06/26/attention-on-supreme-court-as-justice-weigh-trump-travel-ban.html,421
The Latest: Trump travel ban takes effect Thursday,http://www.foxnews.com/us/2017/06/26/latest-court-lets-travel-ban-mostly-go-into-effect.html,422
Trump travel ban partly reinstated; fall court arguments set | Fox News,http://www.foxnews.com/us/2017/06/26/supreme-court-reinstates-trump-travel-ban.html,423
Trump travel ban partly reinstated; fall court arguments set,http://www.foxnews.com/us/2017/06/26/supreme-court-reinstates-trump-travel-ban.html,424
Supreme Court last day notable for what was and wasn't said,http://www.foxnews.com/us/2017/06/26/travel-ban-church-state-case-await-action-by-supreme-court.html,425
"US sets new visa rules for 6 mainly Muslim nations, refugees",http://www.foxnews.com/us/2017/06/27/few-answers-on-travel-ban-as-launch-deadline-looms.html,426
The Latest: Vetted refugees can come to US through July 6,http://www.foxnews.com/us/2017/06/27/latest-iranians-brush-off-us-travel-ban.html,427
Lawyers prepare to defend travelers to US at airports,http://www.foxnews.com/us/2017/06/27/lawyers-prepare-to-defend-travelers-to-us-at-airports.html,428
The Latest: US issues new visa criteria for 6 Muslim nations,http://www.foxnews.com/us/2017/06/28/latest-officials-finalizing-criteria-for-travel-ban.html,429
Questions and answers about officers who enforce travel ban,http://www.foxnews.com/us/2017/06/28/questions-and-answers-about-officers-who-enforce-travel-ban.html,430
Analysis: Trump's travel ban a far cry from original,http://www.foxnews.com/us/2017/06/29/analysis-trumps-travel-ban-far-cry-from-original.html,431
The Latest: US adds fiancés to travel ban exemptions,http://www.foxnews.com/us/2017/06/29/latest-mideast-biggest-airline-flights-to-us-as-normal.html,432
MORNING BRIEF: Trump administration sets new visa rules for travel-ban countries,http://www.foxnews.com/us/2017/06/29/morning-brief-trump-administration-sets-new-visa-rules-for-travel-ban-countries.html,433
"Travel ban was on, then off. Now it's back, but different",http://www.foxnews.com/us/2017/06/29/travel-ban-was-on-then-off-now-its-back-but-different.html,434
Travel ban takes effect but less chaos expected,http://www.foxnews.com/us/2017/06/29/us-sets-new-visa-rules-for-6-mainly-muslim-nations-refugees.html,435
Analysis: Trump's policy now incredible shrinking travel ban,http://www.foxnews.com/us/2017/06/30/analysis-trumps-policy-now-incredible-shrinking-travel-ban.html,436
The Latest: Iran says US travel ban 'truly shameful',http://www.foxnews.com/us/2017/06/30/latest-iran-top-diplomat-us-ban-targets-grandmothers.html,437
More court challenges expected for Trump's new travel ban | Fox News,http://www.foxnews.com/us/2017/06/30/more-court-challenges-expected-for-trumps-new-travel-ban.html,438
More court challenges expected for Trump's new travel ban,http://www.foxnews.com/us/2017/06/30/more-court-challenges-expected-for-trumps-new-travel-ban.html,439
MORNING BRIEF: Trump's travel ban begins to minimal disruption,http://www.foxnews.com/us/2017/06/30/morning-brief-trumps-travel-ban-begins-to-minimal-disruption.html,440
"Travel ban was on, then off. Now it's back, but different",http://www.foxnews.com/us/2017/06/30/travel-ban-was-on-then-off-now-its-back-but-different.html,441
"For Iranian-Americans, Trump travel ban keeps families apart | Fox News",http://www.foxnews.com/us/2017/07/01/for-iranian-americans-trump-travel-ban-keeps-families-apart.html,442
"For Iranian-Americans, Trump travel ban keeps families apart",http://www.foxnews.com/us/2017/07/01/for-iranian-americans-trump-travel-ban-keeps-families-apart.html,443
Hawaii: Including grandmas in travel ban 'preposterous',http://www.foxnews.com/us/2017/07/05/hawaii-including-grandmas-in-travel-ban-preposterous.html,444
US judge in Hawaii leaves Trump's travel ban rules in place,http://www.foxnews.com/us/2017/07/06/us-judge-in-hawaii-leaves-trumps-travel-ban-rules-in-place.html,445
Appeals court refuses to weigh in on Trump travel ban rules,http://www.foxnews.com/us/2017/07/07/hawaii-wants-appeals-court-to-weigh-in-on-travel-ban-rules.html,446
The Latest: Appeals court won't weigh in on travel ban rules,http://www.foxnews.com/us/2017/07/07/latest-appeals-court-wont-weigh-in-on-travel-ban-rules.html,447
Hawaii takes another shot at Trump's travel ban,http://www.foxnews.com/us/2017/07/08/hawaii-takes-another-shot-at-trumps-travel-ban.html,448
Iranian researcher traveling to Boston detained at airport,http://www.foxnews.com/us/2017/07/11/iranian-researcher-traveling-to-boston-detained-at-airport.html,449
US lawyers urge court to deny Hawaii's travel ban request,http://www.foxnews.com/us/2017/07/11/us-lawyers-urge-court-to-deny-hawaiis-travel-ban-request.html,450
"Don’t blame travel ban on Iranian cancer doctor being detained, sent back, Border Patrol says",http://www.foxnews.com/us/2017/07/12/don-t-blame-travel-ban-on-iranian-cancer-doctor-being-detained-sent-back-border-patrol-says.html,451
Judge expands list of relatives exempted from travel ban,http://www.foxnews.com/us/2017/07/14/judge-expands-list-relatives-exempted-from-travel-ban.html,452
The Latest: Gorsuch encourages tolerance among new citizens,http://www.foxnews.com/us/2017/07/17/latest-gorsuch-hears-about-travel-ban-at-conference.html,453
US colleges help foreign students wary of traveling home,http://www.foxnews.com/us/2017/08/09/us-colleges-help-foreign-students-wary-traveling-home.html,454
APNewsBreak: Grandmother in travel ban flap arriving in US,http://www.foxnews.com/us/2017/08/12/apnewsbreak-grandmother-in-travel-ban-flap-arriving-in-us.html,455
APNewsBreak: Grandmother in travel ban flap arrives in US,http://www.foxnews.com/us/2017/08/13/apnewsbreak-grandmother-in-travel-ban-flap-arrives-in-us.html,456
APNewsBreak: Grandmother in travel ban lawsuit arrives in US,http://www.foxnews.com/us/2017/08/13/apnewsbreak-grandmother-in-travel-ban-lawsuit-arrives-in-us.html,457
Federal authorities: Travel ban deal impacts fewer than 20,http://www.foxnews.com/us/2017/09/01/federal-authorities-travel-ban-deal-impacts-fewer-than-20.html,458
Trump's travel restrictions have Muslims on hajj concerned,http://www.foxnews.com/us/2017/09/01/trumps-travel-restrictions-have-muslims-on-hajj-concerned.html,459
"European leaders oppose Trump travel ban, far right applauds",http://www.foxnews.com/world/2017/01/29/european-leaders-oppose-trump-travel-ban-far-right-applauds.html,460
Indonesia: US travel ban could hurt fight against terrorism,http://www.foxnews.com/world/2017/01/29/indonesia-us-travel-ban-could-hurt-fight-against-terrorism.html,461
Somalia-born Farah troubled by Trump's travel ban,http://www.foxnews.com/world/2017/01/29/somalia-born-farah-troubled-by-trump-travel-ban.html,462
Syrian musician in limbo after travel ban,http://www.foxnews.com/world/2017/01/29/syrian-musician-in-limbo-after-travel-ban.html,463
Islamic body calls US travel ban a 'grave concern',http://www.foxnews.com/world/2017/01/30/57-nation-islamic-body-calls-us-travel-ban-grave-concern.html,464
AP Analysis: Trump travel ban risks straining Mideast ties | Fox News,http://www.foxnews.com/world/2017/01/30/ap-analysis-trump-travel-ban-risks-straining-mideast-ties.html,465
The Latest: 57-nation Islamic body expresses 'grave concern',http://www.foxnews.com/world/2017/01/30/latest-57-nation-islamic-body-expresses-grave-concern.html,466
Premier: Trump ban doesn't affect Australia passport holders,http://www.foxnews.com/world/2017/01/30/premier-trump-ban-doesnt-affect-australia-passport-holders.html,467
Populist Geert Wilders praises Donald Trump's travel bans,http://www.foxnews.com/world/2017/01/31/populist-geert-wilders-praises-donald-trump-travel-bans.html,468
Vatican newspaper calls out Trump's travel ban,http://www.foxnews.com/world/2017/02/01/vatican-newspaper-calls-out-trump-travel-ban.html,469
Bosnian school offers scholarships to people banned from US,http://www.foxnews.com/world/2017/02/03/bosnian-school-offers-scholarships-to-people-banned-from-us.html,470
UN refugees agency concerned by US travel ban implications,http://www.foxnews.com/world/2017/02/04/un-refugees-agency-concerned-by-us-travel-ban-implications.html,471
Iran lifts ban on U.S. wrestling team,http://www.foxnews.com/world/2017/02/05/iran-lifts-ban-on-u-s-wrestling-team.html,472
Chinese judge labels Trump 'public enemy of the rule of law',http://www.foxnews.com/world/2017/02/07/chinese-judge-labels-trump-public-enemy-rule-law.html,473
Pope repeats 'bridges not walls' after Trump travel ban,http://www.foxnews.com/world/2017/02/08/pope-repeats-bridges-not-walls-after-trump-travel-ban.html,474
Islamic State fighters reportedly calling Trump travel ban the 'blessed ban',http://www.foxnews.com/world/2017/02/09/islamic-state-fighters-reportedly-calling-trump-travel-ban-blessed-ban.html,475
Majority of Europeans in favor of a Trump-style Muslim ban ... - Fox News,http://www.foxnews.com/world/2017/02/09/majority-europeans-in-favor-trump-style-muslim-ban-poll-shows.html,476
"Trump moves spark Iraqi anger, calls against future alliance",http://www.foxnews.com/world/2017/02/13/trump-moves-spark-iraqi-anger-calls-against-future-alliance.html,477
Somaliland asks US for exemption to Trump's travel ban,http://www.foxnews.com/world/2017/02/14/somaliland-asks-us-for-exemption-to-trump-travel-ban.html,478
"Kelly: Trump is working on a ""streamlined"" travel ban",http://www.foxnews.com/world/2017/02/18/kelly-trump-is-working-on-streamlined-travel-ban.html,479
"Indonesians shocked by Trump, but still admire US values",http://www.foxnews.com/world/2017/03/02/indonesians-shocked-by-trump-but-still-admire-us-values.html,480
Iraq welcomes removal from revised US travel ban,http://www.foxnews.com/world/2017/03/06/iraq-welcomes-removal-from-revised-us-travel-ban.html,481
"Revised US travel ban leaves Syrians confused, yet hopeful",http://www.foxnews.com/world/2017/03/06/revised-us-travel-ban-leaves-syrians-confused-yet-hopeful.html,482
The Latest: Iran to stop visas for Americans after new ban,http://www.foxnews.com/world/2017/03/07/latest-iran-to-stop-visas-for-americans-after-new-ban.html,483
"Proposed Israel travel ban moves forward, draws comparisons to Trump's",http://www.foxnews.com/world/2017/03/08/proposed-israel-travel-ban-moves-forward-draws-comparisons-to-trumps.html,484
FIFA reminds US about World Cup obligations amid travel ban,http://www.foxnews.com/world/2017/03/09/fifa-reminds-us-about-world-cup-obligations-amid-travel-ban.html,485
Toronto school board will no longer have US trips due to Trump travel ban fears,http://www.foxnews.com/world/2017/03/24/toronto-school-board-will-no-longer-have-us-trips-due-to-trump-travel-ban-fears.html,486
Trump's Indonesian business partner slapped with travel ban,http://www.foxnews.com/world/2017/06/26/trumps-indonesian-business-partner-slapped-with-travel-ban.html,487
Iran says US travel ban is 'racist' and 'unfair',http://www.foxnews.com/world/2017/06/28/iran-says-us-travel-ban-is-racist-and-unfair.html,488
Travel ban a blow to Sudan refugees awaiting US resettlement,http://www.foxnews.com/world/2017/06/28/travel-ban-blow-to-sudan-refugees-awaiting-us-resettlement.html,489
Syrian family on cusp of resettlement resigned to travel ban,http://www.foxnews.com/world/2017/06/29/syrian-family-on-cusp-resettlement-resigned-to-travel-ban.html,490
Travel ban a blow to Sudan refugees awaiting US resettlement,http://www.foxnews.com/world/2017/06/29/travel-ban-blow-to-sudan-refugees-awaiting-us-resettlement.html,491
